[
    {"model": "selecciones.nacionalidad", "pk": 1, "fields": {"nombre": "Nacionalidad 1"}},
    {"model": "selecciones.nacionalidad", "pk": 2, "fields": {"nombre": "Nacionalidad 2"}},
    {"model": "selecciones.nacionalidad", "pk": 3, "fields": {"nombre": "Nacionalidad 3"}},
    {"model": "selecciones.nacionalidad", "pk": 4, "fields": {"nombre": "Nacionalidad 4"}},

    {"model": "equipos.patrocinador", "pk": 1, "fields": {"nombre": "Patrocinador 1", "presupuesto": "1000000"}},
    {"model": "equipos.patrocinador", "pk": 2, "fields": {"nombre": "Patrocinador 2", "presupuesto": "1000000"}},
    {"model": "equipos.patrocinador", "pk": 3, "fields": {"nombre": "Patrocinador 3", "presupuesto": "1000000"}},
    {"model": "equipos.patrocinador", "pk": 4, "fields": {"nombre": "Patrocinador 4", "presupuesto": "1000000"}},
    {"model": "equipos.patrocinador", "pk": 5, "fields": {"nombre": "Patrocinador 5", "presupuesto": "1000000"}},
    {"model": "equipos.patrocinador", "pk": 6, "fields": {"nombre": "Patrocinador 6", "presupuesto": "1000000"}},
    {"model": "equipos.patrocinador", "pk": 7, "fields": {"nombre": "Patrocinador 7", "presupuesto": "1000000"}},
    {"model": "equipos.patrocinador", "pk": 8, "fields": {"nombre": "Patrocinador 8", "presupuesto": "1000000"}},

    {"model": "equipos.equipo", "pk": 1, "fields": {"nombre": "Equipo Alfa", "fundacion": "2024-05-01", "presupuesto": "5000000.00", "nacionalidad": 1, "patrocinador": 1, "goles_favor": 0, "goles_contra": 0, "asistencias": 0, "partidos_jugados": 0, "competencias": []}},
    {"model": "equipos.equipo", "pk": 2, "fields": {"nombre": "Equipo Beta", "fundacion": "2025-07-15", "presupuesto": "7000000.00", "nacionalidad": 2, "patrocinador": 2, "goles_favor": 0, "goles_contra": 0, "asistencias": 0, "partidos_jugados": 0, "competencias": []}},
    {"model": "equipos.equipo", "pk": 3, "fields": {"nombre": "Equipo Gamma", "fundacion": "2024-08-20", "presupuesto": "6000000.00", "nacionalidad": 3, "patrocinador": 3, "goles_favor": 0, "goles_contra": 0, "asistencias": 0, "partidos_jugados": 0, "competencias": []}},
    {"model": "equipos.equipo", "pk": 4, "fields": {"nombre": "Equipo Delta", "fundacion": "2024-08-20", "presupuesto": "6000000.00", "nacionalidad": 4, "patrocinador": 4, "goles_favor": 0, "goles_contra": 0, "asistencias": 0, "partidos_jugados": 0, "competencias": []}},
    {"model": "equipos.equipo", "pk": 5, "fields": {"nombre": "Equipo Epsilon", "fundacion": "2024-09-10", "presupuesto": "5500000.00", "nacionalidad": 1, "patrocinador": 5, "goles_favor": 0, "goles_contra": 0, "asistencias": 0, "partidos_jugados": 0, "competencias": []}},
    {"model": "equipos.equipo", "pk": 6, "fields": {"nombre": "Equipo Zeta", "fundacion": "2024-11-25", "presupuesto": "7500000.00", "nacionalidad": 2, "patrocinador": 6, "goles_favor": 0, "goles_contra": 0, "asistencias": 0, "partidos_jugados": 0, "competencias": []}},
    {"model": "equipos.equipo", "pk": 7, "fields": {"nombre": "Equipo Eta", "fundacion": "2024-03-30", "presupuesto": "6500000.00", "nacionalidad": 3, "patrocinador": 7, "goles_favor": 0, "goles_contra": 0, "asistencias": 0, "partidos_jugados": 0, "competencias": []}},
    {"model": "equipos.equipo", "pk": 8, "fields": {"nombre": "Equipo Theta", "fundacion": "2024-12-05", "presupuesto": "6000000.00", "nacionalidad": 4, "patrocinador": 8, "goles_favor": 0, "goles_contra": 0, "asistencias": 0, "partidos_jugados": 0, "competencias": []}},

    {"model": "equipos.estadio", "pk": 1, "fields": {"nombre": "Estadio Alfa", "nivel": 1, "capacidad": 9000, "equipo": 1}},
    {"model": "equipos.estadio", "pk": 2, "fields": {"nombre": "Estadio Beta", "nivel": 1, "capacidad": 9000, "equipo": 2}},
    {"model": "equipos.estadio", "pk": 3, "fields": {"nombre": "Estadio Gamma", "nivel": 1, "capacidad": 9000, "equipo": 3}},
    {"model": "equipos.estadio", "pk": 4, "fields": {"nombre": "Estadio Delta", "nivel": 1, "capacidad": 9000, "equipo": 4}},
    {"model": "equipos.estadio", "pk": 5, "fields": {"nombre": "Estadio Epsilon", "nivel": 1, "capacidad": 9000, "equipo": 5 }},
    {"model": "equipos.estadio", "pk": 6, "fields": {"nombre": "Estadio Zeta", "nivel": 1, "capacidad": 9000, "equipo": 6}},
    {"model": "equipos.estadio", "pk": 7, "fields": {"nombre": "Estadio Eta", "nivel": 1, "capacidad": 9000, "equipo": 7}},
    {"model": "equipos.estadio", "pk": 8, "fields": {"nombre": "Estadio Theta", "nivel": 1, "capacidad": 9000, "equipo": 8}},   
    
    {"model": "equipos.entrenador", "pk": 1, "fields": {"nombre": "Entrenador 1", "experiencia": 10, "tipo": "Ofensivo", "entrenamiento": 85, "tactica": 90, "motivacion": 88, "equipo_actual": 1}},
    {"model": "equipos.entrenador", "pk": 2, "fields": {"nombre": "Entrenador 2", "experiencia": 8, "tipo": "Defensivo", "entrenamiento": 80, "tactica": 85, "motivacion": 82, "equipo_actual": 2}},
    {"model": "equipos.entrenador", "pk": 3, "fields": {"nombre": "Entrenador 3", "experiencia": 12, "tipo": "Equilibrado", "entrenamiento": 88, "tactica": 87, "motivacion": 90, "equipo_actual": 3}},
    {"model": "equipos.entrenador", "pk": 4, "fields": {"nombre": "Entrenador 4", "experiencia": 15, "tipo": "Ofensivo", "entrenamiento": 90, "tactica": 92, "motivacion": 91, "equipo_actual": 4}},
    {"model": "equipos.entrenador", "pk": 5, "fields": {"nombre": "Entrenador 5", "experiencia": 7, "tipo": "Defensivo", "entrenamiento": 78, "tactica": 80, "motivacion": 79, "equipo_actual": 5}},
    {"model": "equipos.entrenador", "pk": 6, "fields": {"nombre": "Entrenador 6", "experiencia": 9, "tipo": "Equilibrado", "entrenamiento": 82, "tactica": 84, "motivacion": 83, "equipo_actual": 6}},
    {"model": "equipos.entrenador", "pk": 7, "fields": {"nombre": "Entrenador 7", "experiencia": 11, "tipo": "Ofensivo", "entrenamiento": 86, "tactica": 89, "motivacion": 87, "equipo_actual": 7}},
    {"model": "equipos.entrenador", "pk": 8, "fields": {"nombre": "Entrenador 8", "experiencia": 13, "tipo": "Defensivo", "entrenamiento": 88, "tactica": 90, "motivacion": 89, "equipo_actual": 8}},

    {"model": "equipos.temporada", "pk": 1, "fields": {"anio": 2023, "fecha_inicio": "2023-01-01T00:00:00Z", "fecha_fin": "2023-12-31T23:59:59Z"}}, 
    
    {"model": "equipos.jugador", "pk": 1, "fields": {"nombre": "Jugador 1", "edad": 25, "habilidades": {"remate": 80, "desmarques": 85, "defensa": 40, "mentalidad": 75, "pases": 50, "jugadas": 70, "portero": 10, "lateralidad": 90}, "moral": 85, "salario": "200000.00", "lesion": false, "equipo": 1, "nacionalidad": 1, "goles_carrera": 0, "asistencias_carrera": 0, "partidos_carrera": 0}},
    {"model": "equipos.jugador", "pk": 2, "fields": {"nombre": "Jugador 2", "edad": 22, "habilidades": {"remate": 78, "desmarques": 80, "defensa": 40, "mentalidad": 75, "pases": 50, "jugadas": 70, "portero": 10, "lateralidad": 90}, "moral": 88, "salario": "180000.00", "lesion": false, "equipo": 1, "nacionalidad": 2, "goles_carrera": 0, "asistencias_carrera": 0, "partidos_carrera": 0}}, 
    {"model": "equipos.jugador", "pk": 3, "fields": {"nombre": "Jugador 3", "edad": 28, "habilidades": {"remate": 82, "desmarques": 70, "defensa": 40, "mentalidad": 75, "pases": 50, "jugadas": 70, "portero": 10, "lateralidad": 90}, "moral": 90, "salario": "190000.00", "lesion": false, "equipo": 1, "nacionalidad": 3, "goles_carrera": 0, "asistencias_carrera": 0, "partidos_carrera": 0}}, 
    {"model": "equipos.jugador", "pk": 4, "fields": {"nombre": "Jugador 4", "edad": 21, "habilidades": {"remate": 82, "desmarques": 70, "defensa": 40, "mentalidad": 75, "pases": 50, "jugadas": 70, "portero": 10, "lateralidad": 90}, "moral": 90, "salario": "190000.00", "lesion": false, "equipo": 1, "nacionalidad": 3, "goles_carrera": 0, "asistencias_carrera": 0, "partidos_carrera": 0}}, 
    {"model": "equipos.jugador", "pk": 5, "fields": {"nombre": "Jugador 5", "edad": 30, "habilidades": {"remate": 82, "desmarques": 70, "defensa": 40, "mentalidad": 75, "pases": 50, "jugadas": 70, "portero": 10, "lateralidad": 90}, "moral": 90, "salario": "190000.00", "lesion": false, "equipo": 1, "nacionalidad": 3, "goles_carrera": 0, "asistencias_carrera": 0, "partidos_carrera": 0}}, 
    {"model": "equipos.jugador", "pk": 6, "fields": {"nombre": "Jugador 6", "edad": 24, "habilidades": {"remate": 82, "desmarques": 70, "defensa": 40, "mentalidad": 75, "pases": 50, "jugadas": 70, "portero": 10, "lateralidad": 90}, "moral": 90, "salario": "190000.00", "lesion": false, "equipo": 1, "nacionalidad": 3, "goles_carrera": 0, "asistencias_carrera": 0, "partidos_carrera": 0}},
    
    {"model": "equipos.jugador", "pk": 7, "fields": {"nombre": "Jugador 7", "edad": 27, "habilidades": {"remate": 80, "desmarques": 85, "defensa": 40, "mentalidad": 75, "pases": 50, "jugadas": 70, "portero": 10, "lateralidad": 90}, "moral": 90, "salario": "190000.00", "lesion": false, "equipo": 1, "nacionalidad": 3, "goles_carrera": 0, "asistencias_carrera": 0, "partidos_carrera": 0}}, 
    {"model": "equipos.jugador", "pk": 8, "fields": {"nombre": "Jugador 8", "edad": 19, "habilidades": {"remate": 60, "desmarques": 65, "defensa": 90, "mentalidad": 50, "pases": 40, "jugadas": 55, "portero": 15, "lateralidad": 25}, "moral": 90, "salario": "190000.00", "lesion": false, "equipo": 1, "nacionalidad": 2, "goles_carrera": 0, "asistencias_carrera": 0, "partidos_carrera": 0}}, 
    {"model": "equipos.jugador", "pk": 9, "fields": {"nombre": "Jugador 9", "edad": 23, "habilidades": {"remate": 50, "desmarques": 55, "defensa": 95, "mentalidad": 60, "pases": 45, "jugadas": 65, "portero": 20, "lateralidad": 10}, "moral": 90, "salario": "190000.00", "lesion": false, "equipo": 1, "nacionalidad": 2, "goles_carrera": 0, "asistencias_carrera": 0, "partidos_carrera": 0}}, 
    {"model": "equipos.jugador", "pk": 10, "fields": {"nombre": "Jugador 10", "edad": 29, "habilidades": {"remate": 85, "desmarques": 90, "defensa": 35, "mentalidad": 70, "pases": 60, "jugadas": 75, "portero": 5, "lateralidad": 80}, "moral": 90, "salario": "190000.00", "lesion": false, "equipo": 1, "nacionalidad": 3, "goles_carrera": 0, "asistencias_carrera": 0, "partidos_carrera": 0}}, 
    {"model": "equipos.jugador", "pk": 11, "fields": {"nombre": "Jugador 11", "edad": 20, "habilidades": {"remate": 70, "desmarques": 75, "defensa": 85, "mentalidad": 55, "pases": 50, "jugadas": 60, "portero": 25, "lateralidad": 30}, "moral": 90, "salario": "190000.00", "lesion": false, "equipo": 1, "nacionalidad": 3, "goles_carrera": 0, "asistencias_carrera": 0, "partidos_carrera": 0}}, 
    {"model": "equipos.jugador", "pk": 12, "fields": {"nombre": "Jugador 12", "edad": 26, "habilidades": {"remate": 65, "desmarques": 70, "defensa": 75, "mentalidad": 60, "pases": 55, "jugadas": 65, "portero": 30, "lateralidad": 20}, "moral": 90, "salario": "190000.00", "lesion": false, "equipo": 2, "nacionalidad": 1, "goles_carrera": 0, "asistencias_carrera": 0, "partidos_carrera": 0}}, 
    {"model": "equipos.jugador", "pk": 13, "fields": {"nombre": "Jugador 13", "edad": 31, "habilidades": {"remate": 55, "desmarques": 60, "defensa": 80, "mentalidad": 75, "pases": 70, "jugadas": 60, "portero": 35, "lateralidad": 25}, "moral": 90, "salario": "190000.00", "lesion": false, "equipo": 2, "nacionalidad": 2, "goles_carrera": 0, "asistencias_carrera": 0, "partidos_carrera": 0}}, 
    {"model": "equipos.jugador", "pk": 14, "fields": {"nombre": "Jugador 14", "edad": 18, "habilidades": {"remate": 50, "desmarques": 55, "defensa": 85, "mentalidad": 80, "pases": 65, "jugadas": 55, "portero": 40, "lateralidad": 20}, "moral": 90, "salario": "190000.00", "lesion": false, "equipo": 2, "nacionalidad": 2, "goles_carrera": 0, "asistencias_carrera": 0, "partidos_carrera": 0}}, 
    {"model": "equipos.jugador", "pk": 15, "fields": {"nombre": "Jugador 15", "edad": 25, "habilidades": {"remate": 45, "desmarques": 50, "defensa": 90, "mentalidad": 85, "pases": 60, "jugadas": 50, "portero": 45, "lateralidad": 25}, "moral": 90, "salario": "190000.00", "lesion": false, "equipo": 2, "nacionalidad": 2, "goles_carrera": 0, "asistencias_carrera": 0, "partidos_carrera": 0}}, 
    {"model": "equipos.jugador", "pk": 16, "fields": {"nombre": "Jugador 16", "edad": 22, "habilidades": {"remate": 40, "desmarques": 45, "defensa": 95, "mentalidad": 90, "pases": 55, "jugadas": 45, "portero": 50, "lateralidad": 20}, "moral": 90, "salario": "190000.00", "lesion": false, "equipo": 2, "nacionalidad": 3, "goles_carrera": 0, "asistencias_carrera": 0, "partidos_carrera": 0}}, 
    {"model": "equipos.jugador", "pk": 17, "fields": {"nombre": "Jugador 17", "edad": 28, "habilidades": {"remate": 35, "desmarques": 40, "defensa": 100, "mentalidad": 95, "pases": 50, "jugadas": 40, "portero": 55, "lateralidad": 15}, "moral": 90, "salario": "190000.00", "lesion": false, "equipo": 2, "nacionalidad": 2, "goles_carrera": 0, "asistencias_carrera": 0, "partidos_carrera": 0}}, 
    {"model": "equipos.jugador", "pk": 18, "fields": {"nombre": "Jugador 18", "edad": 21, "habilidades": {"remate": 30, "desmarques": 35, "defensa": 105, "mentalidad": 100, "pases": 45, "jugadas": 35, "portero": 60, "lateralidad": 15}, "moral": 90, "salario": "190000.00", "lesion": false, "equipo": 2, "nacionalidad": 2, "goles_carrera": 0, "asistencias_carrera": 0, "partidos_carrera": 0}},
    {"model": "equipos.jugador", "pk": 19, "fields": {"nombre": "Jugador 19", "edad": 30, "habilidades": {"remate": 50, "desmarques": 60, "defensa": 70, "mentalidad": 40, "pases": 50, "jugadas": 60, "portero": 30, "lateralidad": 40}, "moral": 90, "salario": "190000.00", "lesion": false, "equipo": 2, "nacionalidad": 3, "goles_carrera": 0, "asistencias_carrera": 0, "partidos_carrera": 0}},
    {"model": "equipos.jugador", "pk": 20, "fields": {"nombre": "Jugador 20", "edad": 24, "habilidades": {"remate": 55, "desmarques": 45, "defensa": 60, "mentalidad": 50, "pases": 55, "jugadas": 45, "portero": 45, "lateralidad": 45}, "moral": 90, "salario": "190000.00", "lesion": false, "equipo": 2, "nacionalidad": 3, "goles_carrera": 0, "asistencias_carrera": 0, "partidos_carrera": 0}},
    {"model": "equipos.jugador", "pk": 21, "fields": {"nombre": "Jugador 21", "edad": 27, "habilidades": {"remate": 60, "desmarques": 50, "defensa": 40, "mentalidad": 60, "pases": 50, "jugadas": 40, "portero": 50, "lateralidad": 50}, "moral": 90, "salario": "190000.00", "lesion": false, "equipo": 2, "nacionalidad": 3, "goles_carrera": 0, "asistencias_carrera": 0, "partidos_carrera": 0}},
    {"model": "equipos.jugador", "pk": 22, "fields": {"nombre": "Jugador 22", "edad": 19, "habilidades": {"remate": 45, "desmarques": 55, "defensa": 50, "mentalidad": 55, "pases": 45, "jugadas": 55, "portero": 55, "lateralidad": 40}, "moral": 90, "salario": "190000.00", "lesion": false, "equipo": 2, "nacionalidad": 3, "goles_carrera": 0, "asistencias_carrera": 0, "partidos_carrera": 0}},
    {"model": "equipos.jugador", "pk": 23, "fields": {"nombre": "Jugador 23", "edad": 23, "habilidades": {"remate": 50, "desmarques": 60, "defensa": 40, "mentalidad": 50, "pases": 60, "jugadas": 40, "portero": 50, "lateralidad": 50}, "moral": 90, "salario": "190000.00", "lesion": false, "equipo": 3, "nacionalidad": 1, "goles_carrera": 0, "asistencias_carrera": 0, "partidos_carrera": 0}},
    {"model": "equipos.jugador", "pk": 24, "fields": {"nombre": "Jugador 24", "edad": 29, "habilidades": {"remate": 55, "desmarques": 45, "defensa": 55, "mentalidad": 45, "pases": 55, "jugadas": 45, "portero": 45, "lateralidad": 55}, "moral": 90, "salario": "190000.00", "lesion": false, "equipo": 3, "nacionalidad": 2, "goles_carrera": 0, "asistencias_carrera": 0, "partidos_carrera": 0}},
    {"model": "equipos.jugador", "pk": 25, "fields": {"nombre": "Jugador 25", "edad": 20, "habilidades": {"remate": 60, "desmarques": 50, "defensa": 50, "mentalidad": 50, "pases": 50, "jugadas": 50, "portero": 40, "lateralidad": 50}, "moral": 90, "salario": "190000.00", "lesion": false, "equipo": 3, "nacionalidad": 3, "goles_carrera": 0, "asistencias_carrera": 0, "partidos_carrera": 0}},
    {"model": "equipos.jugador", "pk": 26, "fields": {"nombre": "Jugador 26", "edad": 26, "habilidades": {"remate": 45, "desmarques": 55, "defensa": 55, "mentalidad": 45, "pases": 55, "jugadas": 45, "portero": 55, "lateralidad": 45}, "moral": 90, "salario": "190000.00", "lesion": false, "equipo": 3, "nacionalidad": 3, "goles_carrera": 0, "asistencias_carrera": 0, "partidos_carrera": 0}},
    {"model": "equipos.jugador", "pk": 27, "fields": {"nombre": "Jugador 27", "edad": 31, "habilidades": {"remate": 50, "desmarques": 60, "defensa": 50, "mentalidad": 50, "pases": 50, "jugadas": 50, "portero": 40, "lateralidad": 50}, "moral": 90, "salario": "190000.00", "lesion": false, "equipo": 3, "nacionalidad": 3, "goles_carrera": 0, "asistencias_carrera": 0, "partidos_carrera": 0}},
    {"model": "equipos.jugador", "pk": 28, "fields": {"nombre": "Jugador 28", "edad": 18, "habilidades": {"remate": 55, "desmarques": 45, "defensa": 55, "mentalidad": 45, "pases": 55, "jugadas": 45, "portero": 45, "lateralidad": 55}, "moral": 90, "salario": "190000.00", "lesion": false, "equipo": 3, "nacionalidad": 3, "goles_carrera": 0, "asistencias_carrera": 0, "partidos_carrera": 0}},
    {"model": "equipos.jugador", "pk": 29, "fields": {"nombre": "Jugador 29", "edad": 25, "habilidades": {"remate": 60, "desmarques": 50, "defensa": 50, "mentalidad": 50, "pases": 50, "jugadas": 50, "portero": 40, "lateralidad": 50}, "moral": 90, "salario": "190000.00", "lesion": false, "equipo": 3, "nacionalidad": 3, "goles_carrera": 0, "asistencias_carrera": 0, "partidos_carrera": 0}},
    {"model": "equipos.jugador", "pk": 30, "fields": {"nombre": "Jugador 30", "edad": 22, "habilidades": {"remate": 45, "desmarques": 55, "defensa": 55, "mentalidad": 45, "pases": 55, "jugadas": 45, "portero": 55, "lateralidad": 45}, "moral": 90, "salario": "190000.00", "lesion": false, "equipo": 3, "nacionalidad": 3, "goles_carrera": 0, "asistencias_carrera": 0, "partidos_carrera": 0}},
    {"model": "equipos.jugador", "pk": 31, "fields": {"nombre": "Jugador 31", "edad": 28, "habilidades": {"remate": 50, "desmarques": 60, "defensa": 70, "mentalidad": 40, "pases": 50, "jugadas": 60, "portero": 30, "lateralidad": 40}, "moral": 90, "salario": "190000.00", "lesion": false, "equipo": 3, "nacionalidad": 1, "goles_carrera": 0, "asistencias_carrera": 0, "partidos_carrera": 0}},
    {"model": "equipos.jugador", "pk": 32, "fields": {"nombre": "Jugador 32", "edad": 21, "habilidades": {"remate": 55, "desmarques": 45, "defensa": 60, "mentalidad": 50, "pases": 55, "jugadas": 45, "portero": 45, "lateralidad": 45}, "moral": 90, "salario": "190000.00", "lesion": false, "equipo": 3, "nacionalidad": 2, "goles_carrera": 0, "asistencias_carrera": 0, "partidos_carrera": 0}},
    {"model": "equipos.jugador", "pk": 33, "fields": {"nombre": "Jugador 33", "edad": 30, "habilidades": {"remate": 60, "desmarques": 50, "defensa": 50, "mentalidad": 50, "pases": 50, "jugadas": 50, "portero": 40, "lateralidad": 50}, "moral": 90, "salario": "190000.00", "lesion": false, "equipo": 3, "nacionalidad": 2, "goles_carrera": 0, "asistencias_carrera": 0, "partidos_carrera": 0}},
    {"model": "equipos.jugador", "pk": 34, "fields": {"nombre": "Jugador 34", "edad": 24, "habilidades": {"remate": 55, "desmarques": 45, "defensa": 55, "mentalidad": 45, "pases": 55, "jugadas": 45, "portero": 45, "lateralidad": 55}, "moral": 90, "salario": "190000.00", "lesion": false, "equipo": 4, "nacionalidad": 3, "goles_carrera": 0, "asistencias_carrera": 0, "partidos_carrera": 0}},
    {"model": "equipos.jugador", "pk": 35, "fields": {"nombre": "Jugador 35", "edad": 19, "habilidades": {"remate": 60, "desmarques": 50, "defensa": 50, "mentalidad": 50, "pases": 50, "jugadas": 50, "portero": 40, "lateralidad": 50}, "moral": 90, "salario": "190000.00", "lesion": false, "equipo": 4, "nacionalidad": 2, "goles_carrera": 0, "asistencias_carrera": 0, "partidos_carrera": 0}},
    {"model": "equipos.jugador", "pk": 36, "fields": {"nombre": "Jugador 36", "edad": 28, "habilidades": {"remate": 55, "desmarques": 45, "defensa": 55, "mentalidad": 45, "pases": 55, "jugadas": 45, "portero": 45, "lateralidad": 55}, "moral": 90, "salario": "190000.00", "lesion": false, "equipo": 4, "nacionalidad": 2, "goles_carrera": 0, "asistencias_carrera": 0, "partidos_carrera": 0}},
    {"model": "equipos.jugador", "pk": 37, "fields": {"nombre": "Jugador 37", "edad": 21, "habilidades": {"remate": 50, "desmarques": 60, "defensa": 70, "mentalidad": 40, "pases": 50, "jugadas": 60, "portero": 30, "lateralidad": 40}, "moral": 90, "salario": "190000.00", "lesion": false, "equipo": 4, "nacionalidad": 3, "goles_carrera": 0, "asistencias_carrera": 0, "partidos_carrera": 0}},
    {"model": "equipos.jugador", "pk": 38, "fields": {"nombre": "Jugador 38", "edad": 30, "habilidades": {"remate": 55, "desmarques": 45, "defensa": 60, "mentalidad": 50, "pases": 55, "jugadas": 45, "portero": 45, "lateralidad": 45}, "moral": 90, "salario": "190000.00", "lesion": false, "equipo": 4, "nacionalidad": 2, "goles_carrera": 0, "asistencias_carrera": 0, "partidos_carrera": 0}},
    {"model": "equipos.jugador", "pk": 39, "fields": {"nombre": "Jugador 39", "edad": 23, "habilidades": {"remate": 60, "desmarques": 50, "defensa": 50, "mentalidad": 50, "pases": 50, "jugadas": 50, "portero": 40, "lateralidad": 50}, "moral": 90, "salario": "190000.00", "lesion": false, "equipo": 4, "nacionalidad": 2, "goles_carrera": 0, "asistencias_carrera": 0, "partidos_carrera": 0}},
    {"model": "equipos.jugador", "pk": 40, "fields": {"nombre": "Jugador 40", "edad": 27, "habilidades": {"remate": 55, "desmarques": 45, "defensa": 55, "mentalidad": 45, "pases": 55, "jugadas": 45, "portero": 45, "lateralidad": 55}, "moral": 90, "salario": "190000.00", "lesion": false, "equipo": 4, "nacionalidad": 2, "goles_carrera": 0, "asistencias_carrera": 0, "partidos_carrera": 0}},
    {"model": "equipos.jugador", "pk": 41, "fields": {"nombre": "Jugador 41", "edad": 22, "habilidades": {"remate": 50, "desmarques": 60, "defensa": 70, "mentalidad": 40, "pases": 50, "jugadas": 60, "portero": 30, "lateralidad": 40}, "moral": 90, "salario": "190000.00", "lesion": false, "equipo": 4, "nacionalidad": 1, "goles_carrera": 0, "asistencias_carrera": 0, "partidos_carrera": 0}},
    {"model": "equipos.jugador", "pk": 42, "fields": {"nombre": "Jugador 42", "edad": 31, "habilidades": {"remate": 55, "desmarques": 45, "defensa": 60, "mentalidad": 50, "pases": 55, "jugadas": 45, "portero": 45, "lateralidad": 45}, "moral": 90, "salario": "190000.00", "lesion": false, "equipo": 4, "nacionalidad": 2, "goles_carrera": 0, "asistencias_carrera": 0, "partidos_carrera": 0}},
    {"model": "equipos.jugador", "pk": 43, "fields": {"nombre": "Jugador 43", "edad": 20, "habilidades": {"remate": 60, "desmarques": 50, "defensa": 50, "mentalidad": 50, "pases": 50, "jugadas": 50, "portero": 40, "lateralidad": 50}, "moral": 90, "salario": "190000.00", "lesion": false, "equipo": 4, "nacionalidad": 3, "goles_carrera": 0, "asistencias_carrera": 0, "partidos_carrera": 0}},
    {"model": "equipos.jugador", "pk": 44, "fields": {"nombre": "Jugador 44", "edad": 29, "habilidades": {"remate": 55, "desmarques": 45, "defensa": 55, "mentalidad": 45, "pases": 55, "jugadas": 45, "portero": 45, "lateralidad": 55}, "moral": 90, "salario": "190000.00", "lesion": false, "equipo": 4, "nacionalidad": 3, "goles_carrera": 0, "asistencias_carrera": 0, "partidos_carrera": 0}},
    {"model": "equipos.jugador", "pk": 45, "fields": {"nombre": "Jugador 45", "edad": 18, "habilidades": {"remate": 50, "desmarques": 60, "defensa": 70, "mentalidad": 40, "pases": 50, "jugadas": 60, "portero": 30, "lateralidad": 40}, "moral": 90, "salario": "190000.00", "lesion": false, "equipo": 5, "nacionalidad": 3, "goles_carrera": 0, "asistencias_carrera": 0, "partidos_carrera": 0}},
    {"model": "equipos.jugador", "pk": 46, "fields": {"nombre": "Jugador 46", "edad": 26, "habilidades": {"remate": 55, "desmarques": 45, "defensa": 60, "mentalidad": 50, "pases": 55, "jugadas": 45, "portero": 45, "lateralidad": 45}, "moral": 90, "salario": "190000.00", "lesion": false, "equipo": 5, "nacionalidad": 3, "goles_carrera": 0, "asistencias_carrera": 0, "partidos_carrera": 0}},
    {"model": "equipos.jugador", "pk": 47, "fields": {"nombre": "Jugador 47", "edad": 25, "habilidades": {"remate": 60, "desmarques": 50, "defensa": 50, "mentalidad": 50, "pases": 50, "jugadas": 50, "portero": 40, "lateralidad": 50}, "moral": 90, "salario": "190000.00", "lesion": false, "equipo": 5, "nacionalidad": 3, "goles_carrera": 0, "asistencias_carrera": 0, "partidos_carrera": 0}},
    {"model": "equipos.jugador", "pk": 48, "fields": {"nombre": "Jugador 48", "edad": 32, "habilidades": {"remate": 55, "desmarques": 45, "defensa": 55, "mentalidad": 45, "pases": 55, "jugadas": 45, "portero": 45, "lateralidad": 55}, "moral": 90, "salario": "190000.00", "lesion": false, "equipo": 5, "nacionalidad": 3, "goles_carrera": 0, "asistencias_carrera": 0, "partidos_carrera": 0}},
    {"model": "equipos.jugador", "pk": 49, "fields": {"nombre": "Jugador 49", "edad": 24, "habilidades": {"remate": 50, "desmarques": 60, "defensa": 70, "mentalidad": 40, "pases": 50, "jugadas": 60, "portero": 30, "lateralidad": 40}, "moral": 90, "salario": "190000.00", "lesion": false, "equipo": 5, "nacionalidad": 3, "goles_carrera": 0, "asistencias_carrera": 0, "partidos_carrera": 0}},
    {"model": "equipos.jugador", "pk": 50, "fields": {"nombre": "Jugador 50", "edad": 19, "habilidades": {"remate": 55, "desmarques": 45, "defensa": 60, "mentalidad": 50, "pases": 55, "jugadas": 45, "portero": 45, "lateralidad": 45}, "moral": 90, "salario": "190000.00", "lesion": false, "equipo": 5, "nacionalidad": 3, "goles_carrera": 0, "asistencias_carrera": 0, "partidos_carrera": 0}},
    {"model": "equipos.jugador", "pk": 51, "fields": {"nombre": "Jugador 51", "edad": 28, "habilidades": {"remate": 50, "desmarques": 60, "defensa": 40, "mentalidad": 70, "pases": 50, "jugadas": 60, "portero": 30, "lateralidad": 40}, "moral": 90, "salario": "190000.00", "lesion": false, "equipo": 5, "nacionalidad": 3, "goles_carrera": 0, "asistencias_carrera": 0, "partidos_carrera": 0}},
    {"model": "equipos.jugador", "pk": 52, "fields": {"nombre": "Jugador 52", "edad": 21, "habilidades": {"remate": 55, "desmarques": 45, "defensa": 65, "mentalidad": 50, "pases": 55, "jugadas": 45, "portero": 40, "lateralidad": 45}, "moral": 90, "salario": "190000.00", "lesion": false, "equipo": 5, "nacionalidad": 3, "goles_carrera": 0, "asistencias_carrera": 0, "partidos_carrera": 0}},
    {"model": "equipos.jugador", "pk": 53, "fields": {"nombre": "Jugador 53", "edad": 30, "habilidades": {"remate": 60, "desmarques": 50, "defensa": 40, "mentalidad": 60, "pases": 50, "jugadas": 40, "portero": 50, "lateralidad": 50}, "moral": 90, "salario": "190000.00", "lesion": false, "equipo": 5, "nacionalidad": 3, "goles_carrera": 0, "asistencias_carrera": 0, "partidos_carrera": 0}},
    {"model": "equipos.jugador", "pk": 54, "fields": {"nombre": "Jugador 54", "edad": 23, "habilidades": {"remate": 45, "desmarques": 55, "defensa": 50, "mentalidad": 55, "pases": 45, "jugadas": 55, "portero": 45, "lateralidad": 50}, "moral": 90, "salario": "190000.00", "lesion": false, "equipo": 5, "nacionalidad": 3, "goles_carrera": 0, "asistencias_carrera": 0, "partidos_carrera": 0}},
    {"model": "equipos.jugador", "pk": 55, "fields": {"nombre": "Jugador 55", "edad": 27, "habilidades": {"remate": 50, "desmarques": 60, "defensa": 40, "mentalidad": 70, "pases": 50, "jugadas": 60, "portero": 30, "lateralidad": 40}, "moral": 90, "salario": "190000.00", "lesion": false, "equipo": 5, "nacionalidad": 3, "goles_carrera": 0, "asistencias_carrera": 0, "partidos_carrera": 0}},
    {"model": "equipos.jugador", "pk": 56, "fields": {"nombre": "Jugador 56", "edad": 22, "habilidades": {"remate": 55, "desmarques": 45, "defensa": 65, "mentalidad": 50, "pases": 55, "jugadas": 45, "portero": 40, "lateralidad": 45}, "moral": 90, "salario": "190000.00", "lesion": false, "equipo": 6, "nacionalidad": 3, "goles_carrera": 0, "asistencias_carrera": 0, "partidos_carrera": 0}},
    {"model": "equipos.jugador", "pk": 57, "fields": {"nombre": "Jugador 57", "edad": 31, "habilidades": {"remate": 60, "desmarques": 50, "defensa": 40, "mentalidad": 60, "pases": 50, "jugadas": 40, "portero": 50, "lateralidad": 50}, "moral": 90, "salario": "190000.00", "lesion": false, "equipo": 6, "nacionalidad": 3, "goles_carrera": 0, "asistencias_carrera": 0, "partidos_carrera": 0}},
    {"model": "equipos.jugador", "pk": 58, "fields": {"nombre": "Jugador 58", "edad": 20, "habilidades": {"remate": 45, "desmarques": 55, "defensa": 50, "mentalidad": 55, "pases": 45, "jugadas": 55, "portero": 45, "lateralidad": 50}, "moral": 90, "salario": "190000.00", "lesion": false, "equipo": 6, "nacionalidad": 3, "goles_carrera": 0, "asistencias_carrera": 0, "partidos_carrera": 0}},
    {"model": "equipos.jugador", "pk": 59, "fields": {"nombre": "Jugador 59", "edad": 29, "habilidades": {"remate": 50, "desmarques": 60, "defensa": 40, "mentalidad": 70, "pases": 50, "jugadas": 60, "portero": 30, "lateralidad": 40}, "moral": 90, "salario": "190000.00", "lesion": false, "equipo": 6, "nacionalidad": 3, "goles_carrera": 0, "asistencias_carrera": 0, "partidos_carrera": 0}},
    {"model": "equipos.jugador", "pk": 60, "fields": {"nombre": "Jugador 60", "edad": 18, "habilidades": {"remate": 55, "desmarques": 45, "defensa": 65, "mentalidad": 50, "pases": 55, "jugadas": 45, "portero": 40, "lateralidad": 45}, "moral": 90, "salario": "190000.00", "lesion": false, "equipo": 6, "nacionalidad": 3, "goles_carrera": 0, "asistencias_carrera": 0, "partidos_carrera": 0}},
    {"model": "equipos.jugador", "pk": 61, "fields": {"nombre": "Jugador 61", "edad": 26, "habilidades": {"remate": 60, "desmarques": 50, "defensa": 40, "mentalidad": 60, "pases": 50, "jugadas": 40, "portero": 50, "lateralidad": 50}, "moral": 90, "salario": "190000.00", "lesion": false, "equipo": 6, "nacionalidad": 3, "goles_carrera": 0, "asistencias_carrera": 0, "partidos_carrera": 0}},
    {"model": "equipos.jugador", "pk": 62, "fields": {"nombre": "Jugador 62", "edad": 25, "habilidades": {"remate": 45, "desmarques": 55, "defensa": 50, "mentalidad": 55, "pases": 45, "jugadas": 55, "portero": 45, "lateralidad": 50}, "moral": 90, "salario": "190000.00", "lesion": false, "equipo": 6, "nacionalidad": 3, "goles_carrera": 0, "asistencias_carrera": 0, "partidos_carrera": 0}},
    {"model": "equipos.jugador", "pk": 63, "fields": {"nombre": "Jugador 63", "edad": 32, "habilidades": {"remate": 50, "desmarques": 60, "defensa": 40, "mentalidad": 70, "pases": 50, "jugadas": 60, "portero": 30, "lateralidad": 40}, "moral": 90, "salario": "190000.00", "lesion": false, "equipo": 6, "nacionalidad": 3, "goles_carrera": 0, "asistencias_carrera": 0, "partidos_carrera": 0}},
    {"model": "equipos.jugador", "pk": 64, "fields": {"nombre": "Jugador 64", "edad": 24, "habilidades": {"remate": 55, "desmarques": 45, "defensa": 65, "mentalidad": 50, "pases": 55, "jugadas": 45, "portero": 40, "lateralidad": 45}, "moral": 90, "salario": "190000.00", "lesion": false, "equipo": 6, "nacionalidad": 3, "goles_carrera": 0, "asistencias_carrera": 0, "partidos_carrera": 0}},
    {"model": "equipos.jugador", "pk": 65, "fields": {"nombre": "Jugador 65", "edad": 19, "habilidades": {"remate": 60, "desmarques": 50, "defensa": 40, "mentalidad": 60, "pases": 50, "jugadas": 40, "portero": 50, "lateralidad": 50}, "moral": 90, "salario": "190000.00", "lesion": false, "equipo": 6, "nacionalidad": 3, "goles_carrera": 0, "asistencias_carrera": 0, "partidos_carrera": 0}},
    {"model": "equipos.jugador", "pk": 66, "fields": {"nombre": "Jugador 66", "edad": 28, "habilidades": {"remate": 45, "desmarques": 55, "defensa": 50, "mentalidad": 55, "pases": 45, "jugadas": 55, "portero": 45, "lateralidad": 50}, "moral": 90, "salario": "190000.00", "lesion": false, "equipo": 6, "nacionalidad": 3, "goles_carrera": 0, "asistencias_carrera": 0, "partidos_carrera": 0}},
    {"model": "equipos.jugador", "pk": 67, "fields": {"nombre": "Jugador 67", "edad": 21, "habilidades": {"remate": 50, "desmarques": 60, "defensa": 40, "mentalidad": 70, "pases": 50, "jugadas": 60, "portero": 30, "lateralidad": 40}, "moral": 90, "salario": "190000.00", "lesion": false, "equipo": 7, "nacionalidad": 3, "goles_carrera": 0, "asistencias_carrera": 0, "partidos_carrera": 0}},
    {"model": "equipos.jugador", "pk": 68, "fields": {"nombre": "Jugador 68", "edad": 30, "habilidades": {"remate": 55, "desmarques": 45, "defensa": 65, "mentalidad": 50, "pases": 55, "jugadas": 45, "portero": 40, "lateralidad": 45}, "moral": 90, "salario": "190000.00", "lesion": false, "equipo": 7, "nacionalidad": 3, "goles_carrera": 0, "asistencias_carrera": 0, "partidos_carrera": 0}},
    {"model": "equipos.jugador", "pk": 69, "fields": {"nombre": "Jugador 69", "edad": 23, "habilidades": {"remate": 60, "desmarques": 50, "defensa": 40, "mentalidad": 60, "pases": 50, "jugadas": 40, "portero": 50, "lateralidad": 50}, "moral": 90, "salario": "190000.00", "lesion": false, "equipo": 7, "nacionalidad": 3, "goles_carrera": 0, "asistencias_carrera": 0, "partidos_carrera": 0}},
    {"model": "equipos.jugador", "pk": 70, "fields": {"nombre": "Jugador 70", "edad": 27, "habilidades": {"remate": 45, "desmarques": 55, "defensa": 50, "mentalidad": 55, "pases": 45, "jugadas": 55, "portero": 45, "lateralidad": 50}, "moral": 90, "salario": "190000.00", "lesion": false, "equipo": 7, "nacionalidad": 3, "goles_carrera": 0, "asistencias_carrera": 0, "partidos_carrera": 0}},
    {"model": "equipos.jugador", "pk": 71, "fields": {"nombre": "Jugador 71", "edad": 22, "habilidades": {"remate": 50, "desmarques": 60, "defensa": 40, "mentalidad": 70, "pases": 50, "jugadas": 60, "portero": 30, "lateralidad": 40}, "moral": 90, "salario": "190000.00", "lesion": false, "equipo": 7, "nacionalidad": 3, "goles_carrera": 0, "asistencias_carrera": 0, "partidos_carrera": 0}},
    {"model": "equipos.jugador", "pk": 72, "fields": {"nombre": "Jugador 72", "edad": 31, "habilidades": {"remate": 50, "desmarques": 60, "defensa": 40, "mentalidad": 70, "pases": 50, "jugadas": 60, "portero": 30, "lateralidad": 40}, "moral": 90, "salario": "190000.00", "lesion": false, "equipo": 7, "nacionalidad": 3, "goles_carrera": 0, "asistencias_carrera": 0, "partidos_carrera": 0}},
    {"model": "equipos.jugador", "pk": 73, "fields": {"nombre": "Jugador 73", "edad": 21, "habilidades": {"remate": 55, "desmarques": 45, "defensa": 65, "mentalidad": 50, "pases": 55, "jugadas": 45, "portero": 40, "lateralidad": 45}, "moral": 90, "salario": "190000.00", "lesion": false, "equipo": 7, "nacionalidad": 3, "goles_carrera": 0, "asistencias_carrera": 0, "partidos_carrera": 0}},
    {"model": "equipos.jugador", "pk": 74, "fields": {"nombre": "Jugador 74", "edad": 25, "habilidades": {"remate": 60, "desmarques": 50, "defensa": 50, "mentalidad": 50, "pases": 50, "jugadas": 50, "portero": 40, "lateralidad": 50}, "moral": 90, "salario": "190000.00", "lesion": false, "equipo": 7, "nacionalidad": 3, "goles_carrera": 0, "asistencias_carrera": 0, "partidos_carrera": 0}},
    {"model": "equipos.jugador", "pk": 75, "fields": {"nombre": "Jugador 75", "edad": 19, "habilidades": {"remate": 45, "desmarques": 55, "defensa": 50, "mentalidad": 55, "pases": 45, "jugadas": 55, "portero": 45, "lateralidad": 50}, "moral": 90, "salario": "190000.00", "lesion": false, "equipo": 7, "nacionalidad": 3, "goles_carrera": 0, "asistencias_carrera": 0, "partidos_carrera": 0}},
    {"model": "equipos.jugador", "pk": 76, "fields": {"nombre": "Jugador 76", "edad": 28, "habilidades": {"remate": 50, "desmarques": 60, "defensa": 40, "mentalidad": 70, "pases": 50, "jugadas": 60, "portero": 30, "lateralidad": 40}, "moral": 90, "salario": "190000.00", "lesion": false, "equipo": 7, "nacionalidad": 3, "goles_carrera": 0, "asistencias_carrera": 0, "partidos_carrera": 0}},
    {"model": "equipos.jugador", "pk": 77, "fields": {"nombre": "Jugador 77", "edad": 23, "habilidades": {"remate": 55, "desmarques": 45, "defensa": 65, "mentalidad": 50, "pases": 55, "jugadas": 45, "portero": 40, "lateralidad": 45}, "moral": 90, "salario": "190000.00", "lesion": false, "equipo": 7, "nacionalidad": 3, "goles_carrera": 0, "asistencias_carrera": 0, "partidos_carrera": 0}},
    {"model": "equipos.jugador", "pk": 78, "fields": {"nombre": "Jugador 78", "edad": 24, "habilidades": {"remate": 60, "desmarques": 50, "defensa": 50, "mentalidad": 50, "pases": 50, "jugadas": 50, "portero": 40, "lateralidad": 50}, "moral": 95, "salario": "210000.00", "lesion": false, "equipo": 8, "nacionalidad": 1, "goles_carrera": 0, "asistencias_carrera": 0, "partidos_carrera": 0}},
    {"model": "equipos.jugador", "pk": 79, "fields": {"nombre": "Jugador 79", "edad": 30, "habilidades": {"remate": 45, "desmarques": 55, "defensa": 50, "mentalidad": 55, "pases": 45, "jugadas": 55, "portero": 45, "lateralidad": 50}, "moral": 96, "salario": "215000.00", "lesion": false, "equipo": 8, "nacionalidad": 2, "goles_carrera": 0, "asistencias_carrera": 0, "partidos_carrera": 0}},
    {"model": "equipos.jugador", "pk": 80, "fields": {"nombre": "Jugador 80", "edad": 22, "habilidades": {"remate": 50, "desmarques": 60, "defensa": 40, "mentalidad": 70, "pases": 50, "jugadas": 60, "portero": 30, "lateralidad": 40}, "moral": 97, "salario": "220000.00", "lesion": false, "equipo": 8, "nacionalidad": 3, "goles_carrera": 0, "asistencias_carrera": 0, "partidos_carrera": 0}},
    {"model": "equipos.jugador", "pk": 81, "fields": {"nombre": "Jugador 81", "edad": 27, "habilidades": {"remate": 55, "desmarques": 45, "defensa": 65, "mentalidad": 50, "pases": 55, "jugadas": 45, "portero": 40, "lateralidad": 45}, "moral": 98, "salario": "225000.00", "lesion": false, "equipo": 8, "nacionalidad": 1, "goles_carrera": 0, "asistencias_carrera": 0, "partidos_carrera": 0}},
    {"model": "equipos.jugador", "pk": 82, "fields": {"nombre": "Jugador 82", "edad": 20, "habilidades": {"remate": 60, "desmarques": 50, "defensa": 50, "mentalidad": 50, "pases": 50, "jugadas": 50, "portero": 40, "lateralidad": 50}, "moral": 99, "salario": "230000.00", "lesion": false, "equipo": 8, "nacionalidad": 2, "goles_carrera": 0, "asistencias_carrera": 0, "partidos_carrera": 0}},
    {"model": "equipos.jugador", "pk": 83, "fields": {"nombre": "Jugador 83", "edad": 29, "habilidades": {"remate": 45, "desmarques": 55, "defensa": 50, "mentalidad": 55, "pases": 45, "jugadas": 55, "portero": 45, "lateralidad": 50}, "moral": 100, "salario": "235000.00", "lesion": false, "equipo": 8, "nacionalidad": 3, "goles_carrera": 0, "asistencias_carrera": 0, "partidos_carrera": 0}},
    {"model": "equipos.jugador", "pk": 84, "fields": {"nombre": "Jugador 84", "edad": 18, "habilidades": {"remate": 50, "desmarques": 60, "defensa": 40, "mentalidad": 70, "pases": 50, "jugadas": 60, "portero": 30, "lateralidad": 40}, "moral": 101, "salario": "240000.00", "lesion": false, "equipo": 8, "nacionalidad": 1, "goles_carrera": 0, "asistencias_carrera": 0, "partidos_carrera": 0}},
    {"model": "equipos.jugador", "pk": 85, "fields": {"nombre": "Jugador 85", "edad": 32, "habilidades": {"remate": 55, "desmarques": 45, "defensa": 65, "mentalidad": 50, "pases": 55, "jugadas": 45, "portero": 40, "lateralidad": 45}, "moral": 102, "salario": "245000.00", "lesion": false, "equipo": 8, "nacionalidad": 2, "goles_carrera": 0, "asistencias_carrera": 0, "partidos_carrera": 0}},
    {"model": "equipos.jugador", "pk": 86, "fields": {"nombre": "Jugador 86", "edad": 26, "habilidades": {"remate": 60, "desmarques": 50, "defensa": 50, "mentalidad": 50, "pases": 50, "jugadas": 50, "portero": 40, "lateralidad": 50}, "moral": 103, "salario": "250000.00", "lesion": false, "equipo": 8, "nacionalidad": 3, "goles_carrera": 0, "asistencias_carrera": 0, "partidos_carrera": 0}},
    {"model": "equipos.jugador", "pk": 87, "fields": {"nombre": "Jugador 87", "edad": 31, "habilidades": {"remate": 45, "desmarques": 55, "defensa": 50, "mentalidad": 55, "pases": 45, "jugadas": 55, "portero": 45, "lateralidad": 50}, "moral": 104, "salario": "255000.00", "lesion": false, "equipo": 8, "nacionalidad": 1, "goles_carrera": 0, "asistencias_carrera": 0, "partidos_carrera": 0}},
    {"model": "equipos.jugador", "pk": 88, "fields": {"nombre": "Jugador 88", "edad": 19, "habilidades": {"remate": 50, "desmarques": 60, "defensa": 40, "mentalidad": 70, "pases": 50, "jugadas": 60, "portero": 30, "lateralidad": 40}, "moral": 105, "salario": "260000.00", "lesion": false, "equipo": 8, "nacionalidad": 2, "goles_carrera": 0, "asistencias_carrera": 0, "partidos_carrera": 0}},

    {"model": "equipos.jugador", "pk": 89, "fields": {"nombre": "Suplente 1", "edad": 21, "habilidades": {"remate": 50, "desmarques": 60, "defensa": 40, "mentalidad": 70, "pases": 50, "jugadas": 60, "portero": 30, "lateralidad": 40}, "moral": 80, "salario": "150000.00", "lesion": false, "equipo": 1, "nacionalidad": 1, "goles_carrera": 0, "asistencias_carrera": 0, "partidos_carrera": 0}},
    {"model": "equipos.jugador", "pk": 90, "fields": {"nombre": "Suplente 2", "edad": 25, "habilidades": {"remate": 55, "desmarques": 45, "defensa": 65, "mentalidad": 50, "pases": 55, "jugadas": 45, "portero": 40, "lateralidad": 45}, "moral": 82, "salario": "155000.00", "lesion": false, "equipo": 1, "nacionalidad": 2, "goles_carrera": 0, "asistencias_carrera": 0, "partidos_carrera": 0}},
    {"model": "equipos.jugador", "pk": 91, "fields": {"nombre": "Suplente 3", "edad": 19, "habilidades": {"remate": 60, "desmarques": 50, "defensa": 50, "mentalidad": 50, "pases": 50, "jugadas": 50, "portero": 40, "lateralidad": 50}, "moral": 84, "salario": "160000.00", "lesion": false, "equipo": 1, "nacionalidad": 3, "goles_carrera": 0, "asistencias_carrera": 0, "partidos_carrera": 0}},
    {"model": "equipos.jugador", "pk": 92, "fields": {"nombre": "Suplente 4", "edad": 28, "habilidades": {"remate": 45, "desmarques": 55, "defensa": 55, "mentalidad": 45, "pases": 55, "jugadas": 45, "portero": 55, "lateralidad": 45}, "moral": 86, "salario": "165000.00", "lesion": false, "equipo": 1, "nacionalidad": 1, "goles_carrera": 0, "asistencias_carrera": 0, "partidos_carrera": 0}},
    {"model": "equipos.jugador", "pk": 93, "fields": {"nombre": "Suplente 5", "edad": 23, "habilidades": {"remate": 50, "desmarques": 60, "defensa": 40, "mentalidad": 70, "pases": 50, "jugadas": 60, "portero": 30, "lateralidad": 40}, "moral": 88, "salario": "170000.00", "lesion": false, "equipo": 1, "nacionalidad": 2, "goles_carrera": 0, "asistencias_carrera": 0, "partidos_carrera": 0}},
    {"model": "equipos.jugador", "pk": 94, "fields": {"nombre": "Suplente 6", "edad": 24, "habilidades": {"remate": 55, "desmarques": 45, "defensa": 65, "mentalidad": 50, "pases": 55, "jugadas": 45, "portero": 40, "lateralidad": 45}, "moral": 90, "salario": "175000.00", "lesion": false, "equipo": 1, "nacionalidad": 3, "goles_carrera": 0, "asistencias_carrera": 0, "partidos_carrera": 0}},

    {"model": "equipos.jugador", "pk": 95, "fields": {"nombre": "Suplente 1", "edad": 30, "habilidades": {"remate": 60, "desmarques": 50, "defensa": 50, "mentalidad": 50, "pases": 50, "jugadas": 50, "portero": 40, "lateralidad": 50}, "moral": 80, "salario": "150000.00", "lesion": false, "equipo": 2, "nacionalidad": 1, "goles_carrera": 0, "asistencias_carrera": 0, "partidos_carrera": 0}},
    {"model": "equipos.jugador", "pk": 96, "fields": {"nombre": "Suplente 2", "edad": 22, "habilidades": {"remate": 45, "desmarques": 55, "defensa": 55, "mentalidad": 45, "pases": 55, "jugadas": 45, "portero": 55, "lateralidad": 45}, "moral": 82, "salario": "155000.00", "lesion": false, "equipo": 2, "nacionalidad": 2, "goles_carrera": 0, "asistencias_carrera": 0, "partidos_carrera": 0}},
    {"model": "equipos.jugador", "pk": 97, "fields": {"nombre": "Suplente 3", "edad": 27, "habilidades": {"remate": 50, "desmarques": 60, "defensa": 40, "mentalidad": 70, "pases": 50, "jugadas": 60, "portero": 30, "lateralidad": 40}, "moral": 84, "salario": "160000.00", "lesion": false, "equipo": 2, "nacionalidad": 3, "goles_carrera": 0, "asistencias_carrera": 0, "partidos_carrera": 0}},
    {"model": "equipos.jugador", "pk": 98, "fields": {"nombre": "Suplente 4", "edad": 20, "habilidades": {"remate": 55, "desmarques": 45, "defensa": 65, "mentalidad": 50, "pases": 55, "jugadas": 45, "portero": 40, "lateralidad": 45}, "moral": 86, "salario": "165000.00", "lesion": false, "equipo": 2, "nacionalidad": 1, "goles_carrera": 0, "asistencias_carrera": 0, "partidos_carrera": 0}},
    {"model": "equipos.jugador", "pk": 99, "fields": {"nombre": "Suplente 5", "edad": 29, "habilidades": {"remate": 50, "desmarques": 60, "defensa": 40, "mentalidad": 70, "pases": 50, "jugadas": 60, "portero": 30, "lateralidad": 40}, "moral": 88, "salario": "170000.00", "lesion": false, "equipo": 2, "nacionalidad": 2, "goles_carrera": 0, "asistencias_carrera": 0, "partidos_carrera": 0}},
    {"model": "equipos.jugador", "pk": 100, "fields": {"nombre": "Suplente 6", "edad": 18, "habilidades": {"remate": 55, "desmarques": 45, "defensa": 65, "mentalidad": 50, "pases": 55, "jugadas": 45, "portero": 40, "lateralidad": 45}, "moral": 90, "salario": "175000.00", "lesion": false, "equipo": 2, "nacionalidad": 3, "goles_carrera": 0, "asistencias_carrera": 0, "partidos_carrera": 0}},

    {"model": "equipos.jugador", "pk": 101, "fields": {"nombre": "Suplente 1", "edad": 21, "habilidades": {"remate": 50, "desmarques": 60, "defensa": 40, "mentalidad": 70, "pases": 50, "jugadas": 60, "portero": 30, "lateralidad": 40}, "moral": 80, "salario": "150000.00", "lesion": false, "equipo": 3, "nacionalidad": 1, "goles_carrera": 0, "asistencias_carrera": 0, "partidos_carrera": 0}},
    {"model": "equipos.jugador", "pk": 102, "fields": {"nombre": "Suplente 2", "edad": 25, "habilidades": {"remate": 55, "desmarques": 45, "defensa": 65, "mentalidad": 50, "pases": 55, "jugadas": 45, "portero": 40, "lateralidad": 45}, "moral": 82, "salario": "155000.00", "lesion": false, "equipo": 3, "nacionalidad": 2, "goles_carrera": 0, "asistencias_carrera": 0, "partidos_carrera": 0}},
    {"model": "equipos.jugador", "pk": 103, "fields": {"nombre": "Suplente 3", "edad": 19, "habilidades": {"remate": 60, "desmarques": 50, "defensa": 50, "mentalidad": 50, "pases": 50, "jugadas": 50, "portero": 40, "lateralidad": 50}, "moral": 84, "salario": "160000.00", "lesion": false, "equipo": 3, "nacionalidad": 3, "goles_carrera": 0, "asistencias_carrera": 0, "partidos_carrera": 0}},
    {"model": "equipos.jugador", "pk": 104, "fields": {"nombre": "Suplente 4", "edad": 28, "habilidades": {"remate": 45, "desmarques": 55, "defensa": 55, "mentalidad": 45, "pases": 55, "jugadas": 45, "portero": 55, "lateralidad": 45}, "moral": 86, "salario": "165000.00", "lesion": false, "equipo": 3, "nacionalidad": 1, "goles_carrera": 0, "asistencias_carrera": 0, "partidos_carrera": 0}},
    {"model": "equipos.jugador", "pk": 105, "fields": {"nombre": "Suplente 5", "edad": 23, "habilidades": {"remate": 50, "desmarques": 60, "defensa": 40, "mentalidad": 70, "pases": 50, "jugadas": 60, "portero": 30, "lateralidad": 40}, "moral": 88, "salario": "170000.00", "lesion": false, "equipo": 3, "nacionalidad": 2, "goles_carrera": 0, "asistencias_carrera": 0, "partidos_carrera": 0}},
    {"model": "equipos.jugador", "pk": 106, "fields": {"nombre": "Suplente 6", "edad": 24, "habilidades": {"remate": 55, "desmarques": 45, "defensa": 65, "mentalidad": 50, "pases": 55, "jugadas": 45, "portero": 40, "lateralidad": 45}, "moral": 90, "salario": "175000.00", "lesion": false, "equipo": 3, "nacionalidad": 3, "goles_carrera": 0, "asistencias_carrera": 0, "partidos_carrera": 0}},

    {"model": "equipos.jugador", "pk": 107, "fields": {"nombre": "Suplente 1", "edad": 30, "habilidades": {"remate": 60, "desmarques": 50, "defensa": 50, "mentalidad": 50, "pases": 50, "jugadas": 50, "portero": 40, "lateralidad": 50}, "moral": 80, "salario": "150000.00", "lesion": false, "equipo": 4, "nacionalidad": 1, "goles_carrera": 0, "asistencias_carrera": 0, "partidos_carrera": 0}},
    {"model": "equipos.jugador", "pk": 108, "fields": {"nombre": "Suplente 2", "edad": 22, "habilidades": {"remate": 45, "desmarques": 55, "defensa": 55, "mentalidad": 45, "pases": 55, "jugadas": 45, "portero": 55, "lateralidad": 45}, "moral": 82, "salario": "155000.00", "lesion": false, "equipo": 4, "nacionalidad": 2, "goles_carrera": 0, "asistencias_carrera": 0, "partidos_carrera": 0}},
    {"model": "equipos.jugador", "pk": 109, "fields": {"nombre": "Suplente 3", "edad": 27, "habilidades": {"remate": 50, "desmarques": 60, "defensa": 40, "mentalidad": 70, "pases": 50, "jugadas": 60, "portero": 30, "lateralidad": 40}, "moral": 84, "salario": "160000.00", "lesion": false, "equipo": 4, "nacionalidad": 3, "goles_carrera": 0, "asistencias_carrera": 0, "partidos_carrera": 0}},
    {"model": "equipos.jugador", "pk": 110, "fields": {"nombre": "Suplente 4", "edad": 20, "habilidades": {"remate": 55, "desmarques": 45, "defensa": 65, "mentalidad": 50, "pases": 55, "jugadas": 45, "portero": 40, "lateralidad": 45}, "moral": 86, "salario": "165000.00", "lesion": false, "equipo": 4, "nacionalidad": 1, "goles_carrera": 0, "asistencias_carrera": 0, "partidos_carrera": 0}},
    {"model": "equipos.jugador", "pk": 111, "fields": {"nombre": "Suplente 5", "edad": 29, "habilidades": {"remate": 50, "desmarques": 60, "defensa": 40, "mentalidad": 70, "pases": 50, "jugadas": 60, "portero": 30, "lateralidad": 40}, "moral": 88, "salario": "170000.00", "lesion": false, "equipo": 4, "nacionalidad": 2, "goles_carrera": 0, "asistencias_carrera": 0, "partidos_carrera": 0}},
    {"model": "equipos.jugador", "pk": 112, "fields": {"nombre": "Suplente 6", "edad": 18, "habilidades": {"remate": 55, "desmarques": 45, "defensa": 65, "mentalidad": 50, "pases": 55, "jugadas": 45, "portero": 40, "lateralidad": 45}, "moral": 90, "salario": "175000.00", "lesion": false, "equipo": 4, "nacionalidad": 3, "goles_carrera": 0, "asistencias_carrera": 0, "partidos_carrera": 0}},

    {"model": "equipos.jugador", "pk": 113, "fields": {"nombre": "Suplente 1", "edad": 26, "habilidades": {"remate": 50, "desmarques": 60, "defensa": 40, "mentalidad": 70, "pases": 50, "jugadas": 60, "portero": 30, "lateralidad": 40}, "moral": 80, "salario": "150000.00", "lesion": false, "equipo": 5, "nacionalidad": 1, "goles_carrera": 0, "asistencias_carrera": 0, "partidos_carrera": 0}},
    {"model": "equipos.jugador", "pk": 114, "fields": {"nombre": "Suplente 2", "edad": 25, "habilidades": {"remate": 55, "desmarques": 45, "defensa": 65, "mentalidad": 50, "pases": 55, "jugadas": 45, "portero": 40, "lateralidad": 45}, "moral": 82, "salario": "155000.00", "lesion": false, "equipo": 5, "nacionalidad": 2, "goles_carrera": 0, "asistencias_carrera": 0, "partidos_carrera": 0}},
    {"model": "equipos.jugador", "pk": 115, "fields": {"nombre": "Suplente 3", "edad": 19, "habilidades": {"remate": 60, "desmarques": 50, "defensa": 50, "mentalidad": 50, "pases": 50, "jugadas": 50, "portero": 40, "lateralidad": 50}, "moral": 84, "salario": "160000.00", "lesion": false, "equipo": 5, "nacionalidad": 3, "goles_carrera": 0, "asistencias_carrera": 0, "partidos_carrera": 0}},
    {"model": "equipos.jugador", "pk": 116, "fields": {"nombre": "Suplente 4", "edad": 28, "habilidades": {"remate": 45, "desmarques": 55, "defensa": 55, "mentalidad": 45, "pases": 55, "jugadas": 45, "portero": 55, "lateralidad": 45}, "moral": 86, "salario": "165000.00", "lesion": false, "equipo": 5, "nacionalidad": 1, "goles_carrera": 0, "asistencias_carrera": 0, "partidos_carrera": 0}},
    {"model": "equipos.jugador", "pk": 117, "fields": {"nombre": "Suplente 5", "edad": 23, "habilidades": {"remate": 50, "desmarques": 60, "defensa": 40, "mentalidad": 70, "pases": 50, "jugadas": 60, "portero": 30, "lateralidad": 40}, "moral": 88, "salario": "170000.00", "lesion": false, "equipo": 5, "nacionalidad": 2, "goles_carrera": 0, "asistencias_carrera": 0, "partidos_carrera": 0}},
    {"model": "equipos.jugador", "pk": 118, "fields": {"nombre": "Suplente 6", "edad": 24, "habilidades": {"remate": 55, "desmarques": 45, "defensa": 65, "mentalidad": 50, "pases": 55, "jugadas": 45, "portero": 40, "lateralidad": 45}, "moral": 90, "salario": "175000.00", "lesion": false, "equipo": 5, "nacionalidad": 3, "goles_carrera": 0, "asistencias_carrera": 0, "partidos_carrera": 0}},

    {"model": "equipos.jugador", "pk": 119, "fields": {"nombre": "Suplente 1", "edad": 30, "habilidades": {"remate": 60, "desmarques": 50, "defensa": 50, "mentalidad": 50, "pases": 50, "jugadas": 50, "portero": 40, "lateralidad": 50}, "moral": 80, "salario": "150000.00", "lesion": false, "equipo": 6, "nacionalidad": 1, "goles_carrera": 0, "asistencias_carrera": 0, "partidos_carrera": 0}},
    {"model": "equipos.jugador", "pk": 120, "fields": {"nombre": "Suplente 2", "edad": 22, "habilidades": {"remate": 45, "desmarques": 55, "defensa": 55, "mentalidad": 45, "pases": 55, "jugadas": 45, "portero": 55, "lateralidad": 45}, "moral": 82, "salario": "155000.00", "lesion": false, "equipo": 6, "nacionalidad": 2, "goles_carrera": 0, "asistencias_carrera": 0, "partidos_carrera": 0}},
    {"model": "equipos.jugador", "pk": 121, "fields": {"nombre": "Suplente 3", "edad": 27, "habilidades": {"remate": 50, "desmarques": 60, "defensa": 40, "mentalidad": 70, "pases": 50, "jugadas": 60, "portero": 30, "lateralidad": 40}, "moral": 84, "salario": "160000.00", "lesion": false, "equipo": 6, "nacionalidad": 3, "goles_carrera": 0, "asistencias_carrera": 0, "partidos_carrera": 0}},
    {"model": "equipos.jugador", "pk": 122, "fields": {"nombre": "Suplente 4", "edad": 20, "habilidades": {"remate": 55, "desmarques": 45, "defensa": 65, "mentalidad": 50, "pases": 55, "jugadas": 45, "portero": 40, "lateralidad": 45}, "moral": 86, "salario": "165000.00", "lesion": false, "equipo": 6, "nacionalidad": 1, "goles_carrera": 0, "asistencias_carrera": 0, "partidos_carrera": 0}},
    {"model": "equipos.jugador", "pk": 123, "fields": {"nombre": "Suplente 5", "edad": 29, "habilidades": {"remate": 50, "desmarques": 60, "defensa": 40, "mentalidad": 70, "pases": 50, "jugadas": 60, "portero": 30, "lateralidad": 40}, "moral": 88, "salario": "170000.00", "lesion": false, "equipo": 6, "nacionalidad": 2, "goles_carrera": 0, "asistencias_carrera": 0, "partidos_carrera": 0}},
    {"model": "equipos.jugador", "pk": 124, "fields": {"nombre": "Suplente 6", "edad": 18, "habilidades": {"remate": 55, "desmarques": 45, "defensa": 65, "mentalidad": 50, "pases": 55, "jugadas": 45, "portero": 40, "lateralidad": 45}, "moral": 90, "salario": "175000.00", "lesion": false, "equipo": 6, "nacionalidad": 3, "goles_carrera": 0, "asistencias_carrera": 0, "partidos_carrera": 0}},

    {"model": "equipos.jugador", "pk": 125, "fields": {"nombre": "Suplente 1", "edad": 26, "habilidades": {"remate": 50, "desmarques": 60, "defensa": 40, "mentalidad": 70, "pases": 50, "jugadas": 60, "portero": 30, "lateralidad": 40}, "moral": 80, "salario": "150000.00", "lesion": false, "equipo": 7, "nacionalidad": 1, "goles_carrera": 0, "asistencias_carrera": 0, "partidos_carrera": 0}},
    {"model": "equipos.jugador", "pk": 126, "fields": {"nombre": "Suplente 2", "edad": 25, "habilidades": {"remate": 55, "desmarques": 45, "defensa": 65, "mentalidad": 50, "pases": 55, "jugadas": 45, "portero": 40, "lateralidad": 45}, "moral": 82, "salario": "155000.00", "lesion": false, "equipo": 7, "nacionalidad": 2, "goles_carrera": 0, "asistencias_carrera": 0, "partidos_carrera": 0}},
    {"model": "equipos.jugador", "pk": 127, "fields": {"nombre": "Suplente 3", "edad": 19, "habilidades": {"remate": 60, "desmarques": 50, "defensa": 50, "mentalidad": 50, "pases": 50, "jugadas": 50, "portero": 40, "lateralidad": 50}, "moral": 84, "salario": "160000.00", "lesion": false, "equipo": 7, "nacionalidad": 3, "goles_carrera": 0, "asistencias_carrera": 0, "partidos_carrera": 0}},
    {"model": "equipos.jugador", "pk": 128, "fields": {"nombre": "Suplente 4", "edad": 28, "habilidades": {"remate": 45, "desmarques": 55, "defensa": 55, "mentalidad": 45, "pases": 55, "jugadas": 45, "portero": 55, "lateralidad": 45}, "moral": 86, "salario": "165000.00", "lesion": false, "equipo": 7, "nacionalidad": 1, "goles_carrera": 0, "asistencias_carrera": 0, "partidos_carrera": 0}},
    {"model": "equipos.jugador", "pk": 129, "fields": {"nombre": "Suplente 5", "edad": 23, "habilidades": {"remate": 50, "desmarques": 60, "defensa": 40, "mentalidad": 70, "pases": 50, "jugadas": 60, "portero": 30, "lateralidad": 40}, "moral": 88, "salario": "170000.00", "lesion": false, "equipo": 7, "nacionalidad": 2, "goles_carrera": 0, "asistencias_carrera": 0, "partidos_carrera": 0}},
    {"model": "equipos.jugador", "pk": 130, "fields": {"nombre": "Suplente 6", "edad": 24, "habilidades": {"remate": 55, "desmarques": 45, "defensa": 65, "mentalidad": 50, "pases": 55, "jugadas": 45, "portero": 40, "lateralidad": 45}, "moral": 90, "salario": "175000.00", "lesion": false, "equipo": 7, "nacionalidad": 3, "goles_carrera": 0, "asistencias_carrera": 0, "partidos_carrera": 0}},

    {"model": "equipos.jugador", "pk": 131, "fields": {"nombre": "Suplente 1", "edad": 30, "habilidades": {"remate": 50, "desmarques": 60, "defensa": 40, "mentalidad": 70, "pases": 50, "jugadas": 60, "portero": 30, "lateralidad": 40}, "moral": 80, "salario": "150000.00", "lesion": false, "equipo": 8, "nacionalidad": 1, "goles_carrera": 0, "asistencias_carrera": 0, "partidos_carrera": 0}},
    {"model": "equipos.jugador", "pk": 132, "fields": {"nombre": "Suplente 2", "edad": 22, "habilidades": {"remate": 55, "desmarques": 45, "defensa": 65, "mentalidad": 50, "pases": 55, "jugadas": 45, "portero": 40, "lateralidad": 45}, "moral": 82, "salario": "155000.00", "lesion": false, "equipo": 8, "nacionalidad": 2, "goles_carrera": 0, "asistencias_carrera": 0, "partidos_carrera": 0}},
    {"model": "equipos.jugador", "pk": 133, "fields": {"nombre": "Suplente 3", "edad": 27, "habilidades": {"remate": 60, "desmarques": 50, "defensa": 50, "mentalidad": 50, "pases": 50, "jugadas": 50, "portero": 40, "lateralidad": 50}, "moral": 84, "salario": "160000.00", "lesion": false, "equipo": 8, "nacionalidad": 3, "goles_carrera": 0, "asistencias_carrera": 0, "partidos_carrera": 0}},
    {"model": "equipos.jugador", "pk": 134, "fields": {"nombre": "Suplente 4", "edad": 20, "habilidades": {"remate": 45, "desmarques": 55, "defensa": 55, "mentalidad": 45, "pases": 55, "jugadas": 45, "portero": 55, "lateralidad": 45}, "moral": 86, "salario": "165000.00", "lesion": false, "equipo": 8, "nacionalidad": 1, "goles_carrera": 0, "asistencias_carrera": 0, "partidos_carrera": 0}},
    {"model": "equipos.jugador", "pk": 135, "fields": {"nombre": "Suplente 5", "edad": 29, "habilidades": {"remate": 50, "desmarques": 60, "defensa": 40, "mentalidad": 70, "pases": 50, "jugadas": 60, "portero": 30, "lateralidad": 40}, "moral": 88, "salario": "170000.00", "lesion": false, "equipo": 8, "nacionalidad": 2, "goles_carrera": 0, "asistencias_carrera": 0, "partidos_carrera": 0}},
    {"model": "equipos.jugador", "pk": 136, "fields": {"nombre": "Suplente 6", "edad": 18, "habilidades": {"remate": 55, "desmarques": 45, "defensa": 65, "mentalidad": 50, "pases": 55, "jugadas": 45, "portero": 40, "lateralidad": 45}, "moral": 90, "salario": "175000.00", "lesion": false, "equipo": 8, "nacionalidad": 3, "goles_carrera": 0, "asistencias_carrera": 0, "partidos_carrera": 0}},

    {"model": "competiciones.competencia", "pk": 1, "fields": {"nombre": "Liga Local 2024", "tipo": "Liga Local", "temporada": 1, "equipos": [1, 2, 3, 4, 5, 6, 7, 8], "nacionalidad": 1, "fecha_inicio": "2024-12-17", "fecha_fin": "2025-12-31"}},


    {"model": "equipos.partido", "pk": 1, "fields": {"fecha": "2023-05-15", "equipo_local": 1, "equipo_visitante": 2, "competencia": 1, "temporada": 1, "estadio": 1, "goles_local": 2, "goles_visitante": 1, "goles_jugadores_local": {"1": 1, "2": 1}, "goles_jugadores_visitante": {"12": 1}, "asistencias_jugadores_local": {"3": 1, "4": 1}, "asistencias_jugadores_visitante": {"13": 1}}},
    {"model": "equipos.partido", "pk": 2, "fields": {"fecha": "2023-06-20", "equipo_local": 3, "equipo_visitante": 4, "competencia": 1, "temporada": 1, "estadio": 2, "goles_local": 3, "goles_visitante": 2, "goles_jugadores_local": {"23": 1, "24": 1}, "goles_jugadores_visitante": {"34": 1, "35": 1, "36": 1}, "asistencias_jugadores_local": {"25": 1, "26": 1}, "asistencias_jugadores_visitante": {"37": 1, "38": 1}}},
    {"model": "equipos.partido", "pk": 3, "fields": {"fecha": "2023-02-20", "equipo_local": 3, "equipo_visitante": 4, "competencia": 1, "temporada": 1, "estadio": 2, "goles_local": 1, "goles_visitante": 1, "goles_jugadores_local": {"23": 1}, "goles_jugadores_visitante": {"34": 1}, "asistencias_jugadores_local": {"24": 1}, "asistencias_jugadores_visitante": {"35": 1}}}, 
    {"model": "equipos.partido", "pk": 4, "fields": {"fecha": "2023-03-10", "equipo_local": 5, "equipo_visitante": 6, "competencia": 1, "temporada": 1, "estadio": 3, "goles_local": 3, "goles_visitante": 2, "goles_jugadores_local": {"45": 1, "46": 1, "47": 1}, "goles_jugadores_visitante": {"56": 1, "57": 1}, "asistencias_jugadores_local": {"48": 1, "49": 1}, "asistencias_jugadores_visitante": {"58": 1, "59": 1}}}, 
    {"model": "equipos.partido", "pk": 5, "fields": {"fecha": "2023-04-05", "equipo_local": 7, "equipo_visitante": 8, "competencia": 1, "temporada": 1, "estadio": 4, "goles_local": 0, "goles_visitante": 0, "goles_jugadores_local": {}, "goles_jugadores_visitante": {}, "asistencias_jugadores_local": {}, "asistencias_jugadores_visitante": {}}}, 
    {"model": "equipos.partido", "pk": 6, "fields": {"fecha": "2023-05-12", "equipo_local": 1, "equipo_visitante": 3, "competencia": 1, "temporada": 1, "estadio": 1, "goles_local": 2, "goles_visitante": 2, "goles_jugadores_local": {"1": 1, "2": 1}, "goles_jugadores_visitante": {"23": 1, "24": 1}, "asistencias_jugadores_local": {"3": 1, "4": 1}, "asistencias_jugadores_visitante": {"25": 1, "26": 1}}}, 
    {"model": "equipos.partido", "pk": 7, "fields": {"fecha": "2023-06-18", "equipo_local": 2, "equipo_visitante": 4, "competencia": 1, "temporada": 1, "estadio": 2, "goles_local": 1, "goles_visitante": 3, "goles_jugadores_local": {"12": 1}, "goles_jugadores_visitante": {"34": 1, "35": 1, "36": 1}, "asistencias_jugadores_local": {"13": 1}, "asistencias_jugadores_visitante": {"37": 1, "38": 1}}}, 
    {"model": "equipos.partido", "pk": 8, "fields": {"fecha": "2023-07-22", "equipo_local": 5, "equipo_visitante": 7, "competencia": 1, "temporada": 1, "estadio": 3, "goles_local": 0, "goles_visitante": 1, "goles_jugadores_local": {}, "goles_jugadores_visitante": {"67": 1}, "asistencias_jugadores_local": {}, "asistencias_jugadores_visitante": {"68": 1}}},
    {"model": "equipos.partido", "pk": 9, "fields": {"fecha": "2023-08-30", "equipo_local": 6, "equipo_visitante": 8, "competencia": 1, "temporada": 1, "estadio": 4, "goles_local": 4, "goles_visitante": 2, "goles_jugadores_local": {"56": 1, "57": 1, "58": 1, "59": 1}, "goles_jugadores_visitante": {"78": 1, "79": 1}, "asistencias_jugadores_local": {"60": 1, "61": 1}, "asistencias_jugadores_visitante": {"80": 1, "81": 1}}}, 
    {"model": "equipos.partido", "pk": 10, "fields": {"fecha": "2023-10-20", "equipo_local": 2, "equipo_visitante": 6, "competencia": 1, "temporada": 1, "estadio": 2, "goles_local": 2, "goles_visitante": 2, "goles_jugadores_local": {"12": 1, "13": 1}, "goles_jugadores_visitante": {"56": 1, "57": 1}, "asistencias_jugadores_local": {"14": 1, "15": 1}, "asistencias_jugadores_visitante": {"58": 1, "59": 1}}}, 
    {"model": "equipos.partido", "pk": 11, "fields": {"fecha": "2023-11-25", "equipo_local": 3, "equipo_visitante": 7, "competencia": 1, "temporada": 1, "estadio": 3, "goles_local": 1, "goles_visitante": 3, "goles_jugadores_local": {"23": 1}, "goles_jugadores_visitante": {"67": 1, "68": 1, "69": 1}, "asistencias_jugadores_local": {"24": 1}, "asistencias_jugadores_visitante": {"25": 1, "70": 1, "71": 1}}}, 
    {"model": "equipos.partido", "pk": 12, "fields": {"fecha": "2023-12-05", "equipo_local": 4, "equipo_visitante": 8, "competencia": 1, "temporada": 1, "estadio": 4, "goles_local": 0, "goles_visitante": 2, "goles_jugadores_local": {}, "goles_jugadores_visitante": {"78": 1, "79": 1}, "asistencias_jugadores_local": {}, "asistencias_jugadores_visitante": {"80": 1, "81": 1}}}, 
    {"model": "equipos.partido", "pk": 13, "fields": {"fecha": "2024-01-10", "equipo_local": 1, "equipo_visitante": 6, "competencia": 1, "temporada": 1, "estadio": 1, "goles_local": 2, "goles_visitante": 1, "goles_jugadores_local": {"1": 1, "2": 1}, "goles_jugadores_visitante": {"56": 1}, "asistencias_jugadores_local": {"3": 1, "4": 1}, "asistencias_jugadores_visitante": {"57": 1}}}, 
    {"model": "equipos.partido", "pk": 14, "fields": {"fecha": "2024-02-15", "equipo_local": 2, "equipo_visitante": 5, "competencia": 1, "temporada": 1, "estadio": 2, "goles_local": 1, "goles_visitante": 3, "goles_jugadores_local": {"12": 1}, "goles_jugadores_visitante": {"45": 1, "46": 1, "47": 1}, "asistencias_jugadores_local": {"13": 1}, "asistencias_jugadores_visitante": {"48": 1, "49": 1}}}, 
    {"model": "equipos.partido", "pk": 15, "fields": {"fecha": "2024-03-20", "equipo_local": 3, "equipo_visitante": 8, "competencia": 1, "temporada": 1, "estadio": 3, "goles_local": 0, "goles_visitante": 1, "goles_jugadores_local": {}, "goles_jugadores_visitante": {"78": 1}, "asistencias_jugadores_local": {}, "asistencias_jugadores_visitante": {"79": 1}}}, 
    {"model": "equipos.partido", "pk": 16, "fields": {"fecha": "2024-04-25", "equipo_local": 4, "equipo_visitante": 7, "competencia": 1, "temporada": 1, "estadio": 4, "goles_local": 2, "goles_visitante": 2, "goles_jugadores_local": {"34": 1, "35": 1}, "goles_jugadores_visitante": {"67": 1, "68": 1}, "asistencias_jugadores_local": {"36": 1, "37": 1}, "asistencias_jugadores_visitante": {"69": 1, "70": 1}}}, 
    {"model": "equipos.partido", "pk": 17, "fields": {"fecha": "2024-05-30", "equipo_local": 1, "equipo_visitante": 4, "competencia": 1, "temporada": 1, "estadio": 1, "goles_local": 3, "goles_visitante": 0, "goles_jugadores_local": {"1": 1, "2": 1, "3": 1}, "goles_jugadores_visitante": {}, "asistencias_jugadores_local": {"4": 1, "5": 1, "6": 1}, "asistencias_jugadores_visitante": {}}}, 
    {"model": "equipos.partido", "pk": 18, "fields": {"fecha": "2024-06-10", "equipo_local": 2, "equipo_visitante": 3, "competencia": 1, "temporada": 1, "estadio": 2, "goles_local": 1, "goles_visitante": 1, "goles_jugadores_local": {"12": 1}, "goles_jugadores_visitante": {"23": 1}, "asistencias_jugadores_local": {"13": 1}, "asistencias_jugadores_visitante": {"24": 1}}}, 
    {"model": "equipos.partido", "pk": 19, "fields": {"fecha": "2024-07-15", "equipo_local": 5, "equipo_visitante": 8, "competencia": 1, "temporada": 1, "estadio": 3, "goles_local": 2, "goles_visitante": 2, "goles_jugadores_local": {"45": 1, "46": 1}, "goles_jugadores_visitante": {"78": 1, "79": 1}, "asistencias_jugadores_local": {"47": 1, "48": 1}, "asistencias_jugadores_visitante": {"80": 1, "81": 1}}}, 
    {"model": "equipos.partido", "pk": 20, "fields": {"fecha": "2024-08-20", "equipo_local": 6, "equipo_visitante": 7, "competencia": 1, "temporada": 1, "estadio": 4, "goles_local": 1, "goles_visitante": 3, "goles_jugadores_local": {"56": 1}, "goles_jugadores_visitante": {"67": 1, "68": 1, "69": 1}, "asistencias_jugadores_local": {"57": 1}, "asistencias_jugadores_visitante": {"70": 1, "71": 1}}}, 
    {"model": "equipos.partido", "pk": 21, "fields": {"fecha": "2024-09-25", "equipo_local": 1, "equipo_visitante": 7, "competencia": 1, "temporada": 1, "estadio": 1, "goles_local": 2, "goles_visitante": 1, "goles_jugadores_local": {"1": 1, "2": 1}, "goles_jugadores_visitante": {"67": 1}, "asistencias_jugadores_local": {"3": 1, "4": 1}, "asistencias_jugadores_visitante": {"68": 1}}}, 
    {"model": "equipos.partido", "pk": 22, "fields": {"fecha": "2024-10-30", "equipo_local": 2, "equipo_visitante": 8, "competencia": 1, "temporada": 1, "estadio": 2, "goles_local": 1, "goles_visitante": 2, "goles_jugadores_local": {"12": 1}, "goles_jugadores_visitante": {"78": 1, "79": 1}, "asistencias_jugadores_local": {"13": 1}, "asistencias_jugadores_visitante": {"80": 1, "81": 1}}}, 
    {"model": "equipos.partido", "pk": 23, "fields": {"fecha": "2024-11-15", "equipo_local": 3, "equipo_visitante": 5, "competencia": 1, "temporada": 1, "estadio": 3, "goles_local": 3, "goles_visitante": 1, "goles_jugadores_local": {"23": 1, "24": 1, "25": 1}, "goles_jugadores_visitante": {"45": 1}, "asistencias_jugadores_local": {"26": 1, "27": 1}, "asistencias_jugadores_visitante": {"46": 1}}}, 
    {"model": "equipos.partido", "pk": 24, "fields": {"fecha": "2024-12-20", "equipo_local": 4, "equipo_visitante": 6, "competencia": 1, "temporada": 1, "estadio": 4, "goles_local": 0, "goles_visitante": 0, "goles_jugadores_local": {}, "goles_jugadores_visitante": {}, "asistencias_jugadores_local": {}, "asistencias_jugadores_visitante": {}}}, 
    {"model": "equipos.partido", "pk": 25, "fields": {"fecha": "2025-01-25", "equipo_local": 1, "equipo_visitante": 5, "competencia": 1, "temporada": 1, "estadio": 1, "goles_local": 2, "goles_visitante": 2, "goles_jugadores_local": {"1": 1, "2": 1}, "goles_jugadores_visitante": {"45": 1, "46": 1}, "asistencias_jugadores_local": {"3": 1, "4": 1}, "asistencias_jugadores_visitante": {"47": 1, "48": 1}}},
    {"model": "equipos.partido", "pk": 26, "fields": {"fecha": "2025-02-28", "equipo_local": 2, "equipo_visitante": 6, "competencia": 1, "temporada": 1, "estadio": 2, "goles_local": 1, "goles_visitante": 3, "goles_jugadores_local": {"12": 1}, "goles_jugadores_visitante": {"56": 1, "57": 1, "58": 1}, "asistencias_jugadores_local": {"13": 1}, "asistencias_jugadores_visitante": {"59": 1, "60": 1}}}, 
    {"model": "equipos.partido", "pk": 27, "fields": {"fecha": "2025-03-30", "equipo_local": 3, "equipo_visitante": 7, "competencia": 1, "temporada": 1, "estadio": 3, "goles_local": 2, "goles_visitante": 1, "goles_jugadores_local": {"23": 1, "24": 1}, "goles_jugadores_visitante": {"67": 1}, "asistencias_jugadores_local": {"25": 1, "26": 1}, "asistencias_jugadores_visitante": {"68": 1}}}, 
    {"model": "equipos.partido", "pk": 28, "fields": {"fecha": "2025-04-25", "equipo_local": 4, "equipo_visitante": 8, "competencia": 1, "temporada": 1, "estadio": 4, "goles_local": 1, "goles_visitante": 2, "goles_jugadores_local": {"34": 1}, "goles_jugadores_visitante": {"78": 1, "79": 1}, "asistencias_jugadores_local": {"35": 1}, "asistencias_jugadores_visitante": {"80": 1, "81": 1}}}, 
    {"model": "equipos.partido", "pk": 29, "fields": {"fecha": "2025-05-30", "equipo_local": 1, "equipo_visitante": 4, "competencia": 1, "temporada": 1, "estadio": 1, "goles_local": 3, "goles_visitante": 1, "goles_jugadores_local": {"1": 1, "2": 1, "3": 1}, "goles_jugadores_visitante": {"34": 1}, "asistencias_jugadores_local": {"4": 1, "5": 1}, "asistencias_jugadores_visitante": {"35": 1}}}, 
    {"model": "equipos.partido", "pk": 30, "fields": {"fecha": "2025-06-10", "equipo_local": 2, "equipo_visitante": 3, "competencia": 1, "temporada": 1, "estadio": 2, "goles_local": 2, "goles_visitante": 2, "goles_jugadores_local": {"12": 1, "13": 1}, "goles_jugadores_visitante": {"23": 1, "24": 1}, "asistencias_jugadores_local": {"14": 1, "15": 1}, "asistencias_jugadores_visitante": {"25": 1, "26": 1}}}, 
    {"model": "equipos.partido", "pk": 31, "fields": {"fecha": "2025-07-15", "equipo_local": 5, "equipo_visitante": 8, "competencia": 1, "temporada": 1, "estadio": 3, "goles_local": 1, "goles_visitante": 3, "goles_jugadores_local": {"45": 1}, "goles_jugadores_visitante": {"78": 1, "79": 1, "80": 1}, "asistencias_jugadores_local": {"46": 1}, "asistencias_jugadores_visitante": {"81": 1}}}, 
    {"model": "equipos.partido", "pk": 32, "fields": {"fecha": "2025-08-20", "equipo_local": 6, "equipo_visitante": 7, "competencia": 1, "temporada": 1, "estadio": 4, "goles_local": 2, "goles_visitante": 2, "goles_jugadores_local": {"56": 1, "57": 1}, "goles_jugadores_visitante": {"67": 1, "68": 1}, "asistencias_jugadores_local": {"58": 1, "59": 1}, "asistencias_jugadores_visitante": {"69": 1, "70": 1}}}, 
    {"model": "equipos.partido", "pk": 33, "fields": {"fecha": "2025-09-25", "equipo_local": 1, "equipo_visitante": 7, "competencia": 1, "temporada": 1, "estadio": 1, "goles_local": 1, "goles_visitante": 2, "goles_jugadores_local": {"1": 1}, "goles_jugadores_visitante": {"67": 1, "68": 1}, "asistencias_jugadores_local": {"2": 1, "3": 1}, "asistencias_jugadores_visitante": {"69": 1}}}, 
    {"model": "equipos.partido", "pk": 34, "fields": {"fecha": "2025-10-30", "equipo_local": 2, "equipo_visitante": 8, "competencia": 1, "temporada": 1, "estadio": 2, "goles_local": 3, "goles_visitante": 1, "goles_jugadores_local": {"12": 1, "13": 1, "14": 1}, "goles_jugadores_visitante": {"78": 1}, "asistencias_jugadores_local": {"15": 1, "16": 1}, "asistencias_jugadores_visitante": {"79": 1}}}, 
    {"model": "equipos.partido", "pk": 35, "fields": {"fecha": "2025-11-15", "equipo_local": 3, "equipo_visitante": 5, "competencia": 1, "temporada": 1, "estadio": 3, "goles_local": 2, "goles_visitante": 2, "goles_jugadores_local": {"23": 1, "24": 1}, "goles_jugadores_visitante": {"45": 1, "46": 1}, "asistencias_jugadores_local": {"25": 1, "26": 1}, "asistencias_jugadores_visitante": {"47": 1, "48": 1}}}, 
    {"model": "equipos.partido", "pk": 36, "fields": {"fecha": "2025-12-20", "equipo_local": 4, "equipo_visitante": 6, "competencia": 1, "temporada": 1, "estadio": 4, "goles_local": 1, "goles_visitante": 3, "goles_jugadores_local": {"34": 1}, "goles_jugadores_visitante": {"56": 1, "57": 1, "58": 1}, "asistencias_jugadores_local": {"35": 1}, "asistencias_jugadores_visitante": {"59": 1, "60": 1}}}, 
    {"model": "equipos.partido", "pk": 37, "fields": {"fecha": "2026-01-25", "equipo_local": 1, "equipo_visitante": 6, "competencia": 1, "temporada": 1, "estadio": 1, "goles_local": 2, "goles_visitante": 1, "goles_jugadores_local": {"1": 1, "2": 1}, "goles_jugadores_visitante": {"56": 1}, "asistencias_jugadores_local": {"3": 1, "4": 1}, "asistencias_jugadores_visitante": {"57": 1}}}, 
    {"model": "equipos.partido", "pk": 38, "fields": {"fecha": "2026-02-28", "equipo_local": 2, "equipo_visitante": 5, "competencia": 1, "temporada": 1, "estadio": 2, "goles_local": 1, "goles_visitante": 3, "goles_jugadores_local": {"12": 1}, "goles_jugadores_visitante": {"45": 1, "46": 1, "47": 1}, "asistencias_jugadores_local": {"13": 1}, "asistencias_jugadores_visitante": {"48": 1, "49": 1}}}, 
    {"model": "equipos.partido", "pk": 39, "fields": {"fecha": "2026-03-30", "equipo_local": 3, "equipo_visitante": 8, "competencia": 1, "temporada": 1, "estadio": 3, "goles_local": 0, "goles_visitante": 1, "goles_jugadores_local": {}, "goles_jugadores_visitante": {"78": 1}, "asistencias_jugadores_local": {}, "asistencias_jugadores_visitante": {"79": 1}}}, 
    {"model": "equipos.partido", "pk": 40, "fields": {"fecha": "2026-04-25", "equipo_local": 4, "equipo_visitante": 7, "competencia": 1, "temporada": 1, "estadio": 4, "goles_local": 2, "goles_visitante": 2, "goles_jugadores_local": {"34": 1, "35": 1}, "goles_jugadores_visitante": {"67": 1, "68": 1}, "asistencias_jugadores_local": {"36": 1, "37": 1}, "asistencias_jugadores_visitante": {"69": 1, "70": 1}}}, 
    {"model": "equipos.partido", "pk": 41, "fields": {"fecha": "2026-05-30", "equipo_local": 1, "equipo_visitante": 4, "competencia": 1, "temporada": 1, "estadio": 1, "goles_local": 3, "goles_visitante": 0, "goles_jugadores_local": {"1": 1, "2": 1, "3": 1}, "goles_jugadores_visitante": {}, "asistencias_jugadores_local": {"4": 1, "5": 1, "6": 1}, "asistencias_jugadores_visitante": {}}}, 
    {"model": "equipos.partido", "pk": 42, "fields": {"fecha": "2026-06-10", "equipo_local": 2, "equipo_visitante": 3, "competencia": 1, "temporada": 1, "estadio": 2, "goles_local": 1, "goles_visitante": 1, "goles_jugadores_local": {"12": 1}, "goles_jugadores_visitante": {"23": 1}, "asistencias_jugadores_local": {"13": 1}, "asistencias_jugadores_visitante": {"24": 1}}}, 
    {"model": "equipos.partido", "pk": 43, "fields": {"fecha": "2026-07-15", "equipo_local": 5, "equipo_visitante": 8, "competencia": 1, "temporada": 1, "estadio": 3, "goles_local": 2, "goles_visitante": 2, "goles_jugadores_local": {"45": 1, "46": 1}, "goles_jugadores_visitante": {"78": 1, "79": 1}, "asistencias_jugadores_local": {"47": 1, "48": 1}, "asistencias_jugadores_visitante": {"80": 1, "81": 1}}}, 
    {"model": "equipos.partido", "pk": 44, "fields": {"fecha": "2026-08-20", "equipo_local": 6, "equipo_visitante": 7, "competencia": 1, "temporada": 1, "estadio": 4, "goles_local": 1, "goles_visitante": 3, "goles_jugadores_local": {"56": 1}, "goles_jugadores_visitante": {"67": 1, "68": 1, "69": 1}, "asistencias_jugadores_local": {"57": 1}, "asistencias_jugadores_visitante": {"70": 1, "71": 1}}}
]