[
    {"model": "selecciones.nacionalidad", "pk": 1, "fields": {"nombre": "Nacionalidad 1"}},
    {"model": "selecciones.nacionalidad", "pk": 2, "fields": {"nombre": "Nacionalidad 2"}},
    {"model": "selecciones.nacionalidad", "pk": 3, "fields": {"nombre": "Nacionalidad 3"}},
    {"model": "selecciones.nacionalidad", "pk": 4, "fields": {"nombre": "Nacionalidad 4"}},

    {"model": "equipos.patrocinador", "pk": 1, "fields": {"nombre": "Patrocinador 1", "objetivo_basico": 1000000, "objetivo_extra": 3000000}},
    {"model": "equipos.patrocinador", "pk": 2, "fields": {"nombre": "Patrocinador 2", "objetivo_basico": 1000000, "objetivo_extra": 3000000}},
    {"model": "equipos.patrocinador", "pk": 3, "fields": {"nombre": "Patrocinador 3", "objetivo_basico": 1000000, "objetivo_extra": 3000000}},
    {"model": "equipos.patrocinador", "pk": 4, "fields": {"nombre": "Patrocinador 4", "objetivo_basico": 1000000, "objetivo_extra": 3000000}},
    {"model": "equipos.patrocinador", "pk": 5, "fields": {"nombre": "Patrocinador 5", "objetivo_basico": 1000000, "objetivo_extra": 3000000}},
    {"model": "equipos.patrocinador", "pk": 6, "fields": {"nombre": "Patrocinador 6", "objetivo_basico": 1000000, "objetivo_extra": 3000000}},
    {"model": "equipos.patrocinador", "pk": 7, "fields": {"nombre": "Patrocinador 7", "objetivo_basico": 1000000, "objetivo_extra": 3000000}},
    {"model": "equipos.patrocinador", "pk": 8, "fields": {"nombre": "Patrocinador 8", "objetivo_basico": 1000000, "objetivo_extra": 3000000}},

    {"model": "equipos.equipo", "pk": 1, "fields": {"nombre": "Equipo Alfa", "fundacion": "2024-05-01", "presupuesto": 5000000, "nacionalidad": 1, "patrocinador": 1, "goles_favor": 0, "goles_contra": 0, "asistencias": 0, "partidos_jugados": 0, "competencias": []}},
    {"model": "equipos.equipo", "pk": 2, "fields": {"nombre": "Equipo Beta", "fundacion": "2025-07-15", "presupuesto": 7000000, "nacionalidad": 2, "patrocinador": 2, "goles_favor": 0, "goles_contra": 0, "asistencias": 0, "partidos_jugados": 0, "competencias": []}},
    {"model": "equipos.equipo", "pk": 3, "fields": {"nombre": "Equipo Gamma", "fundacion": "2024-08-20", "presupuesto": 6000000, "nacionalidad": 3, "patrocinador": 3, "goles_favor": 0, "goles_contra": 0, "asistencias": 0, "partidos_jugados": 0, "competencias": []}},
    {"model": "equipos.equipo", "pk": 4, "fields": {"nombre": "Equipo Delta", "fundacion": "2024-08-20", "presupuesto": 6000000, "nacionalidad": 4, "patrocinador": 4, "goles_favor": 0, "goles_contra": 0, "asistencias": 0, "partidos_jugados": 0, "competencias": []}},
    {"model": "equipos.equipo", "pk": 5, "fields": {"nombre": "Equipo Epsilon", "fundacion": "2024-09-10", "presupuesto": 5500000, "nacionalidad": 1, "patrocinador": 5, "goles_favor": 0, "goles_contra": 0, "asistencias": 0, "partidos_jugados": 0, "competencias": []}},
    {"model": "equipos.equipo", "pk": 6, "fields": {"nombre": "Equipo Zeta", "fundacion": "2024-11-25", "presupuesto": 7500000, "nacionalidad": 2, "patrocinador": 6, "goles_favor": 0, "goles_contra": 0, "asistencias": 0, "partidos_jugados": 0, "competencias": []}},
    {"model": "equipos.equipo", "pk": 7, "fields": {"nombre": "Equipo Eta", "fundacion": "2024-03-30", "presupuesto": 6500000, "nacionalidad": 3, "patrocinador": 7, "goles_favor": 0, "goles_contra": 0, "asistencias": 0, "partidos_jugados": 0, "competencias": []}},
    {"model": "equipos.equipo", "pk": 8, "fields": {"nombre": "Equipo Theta", "fundacion": "2024-12-05", "presupuesto": 6000000, "nacionalidad": 4, "patrocinador": 8, "goles_favor": 0, "goles_contra": 0, "asistencias": 0, "partidos_jugados": 0, "competencias": []}},

    {"model": "equipos.estadio", "pk": 1, "fields": {"nombre": "Estadio Alfa", "nivel": 1, "capacidad": 9000, "equipo": 1, "mantenimiento": 0}},
    {"model": "equipos.estadio", "pk": 2, "fields": {"nombre": "Estadio Beta", "nivel": 1, "capacidad": 9000, "equipo": 2, "mantenimiento": 0}},
    {"model": "equipos.estadio", "pk": 3, "fields": {"nombre": "Estadio Gamma", "nivel": 1, "capacidad": 9000, "equipo": 3, "mantenimiento": 0}},
    {"model": "equipos.estadio", "pk": 4, "fields": {"nombre": "Estadio Delta", "nivel": 1, "capacidad": 9000, "equipo": 4, "mantenimiento": 0}},
    {"model": "equipos.estadio", "pk": 5, "fields": {"nombre": "Estadio Epsilon", "nivel": 1, "capacidad": 9000, "equipo": 5, "mantenimiento": 0}},
    {"model": "equipos.estadio", "pk": 6, "fields": {"nombre": "Estadio Zeta", "nivel": 1, "capacidad": 9000, "equipo": 6, "mantenimiento": 0}},
    {"model": "equipos.estadio", "pk": 7, "fields": {"nombre": "Estadio Eta", "nivel": 1, "capacidad": 9000, "equipo": 7, "mantenimiento": 0}},
    {"model": "equipos.estadio", "pk": 8, "fields": {"nombre": "Estadio Theta", "nivel": 1, "capacidad": 9000, "equipo": 8, "mantenimiento": 0}},
    
    {"model": "equipos.entrenador", "pk": 1, "fields": {"nombre": "Entrenador 1", "experiencia": 10, "tipo": "Ofensivo", "entrenamiento": 85, "tactica": 90, "motivacion": 88, "equipo_actual": 1}},
    {"model": "equipos.entrenador", "pk": 2, "fields": {"nombre": "Entrenador 2", "experiencia": 8, "tipo": "Defensivo", "entrenamiento": 80, "tactica": 85, "motivacion": 82, "equipo_actual": 2}},
    {"model": "equipos.entrenador", "pk": 3, "fields": {"nombre": "Entrenador 3", "experiencia": 12, "tipo": "Equilibrado", "entrenamiento": 88, "tactica": 87, "motivacion": 90, "equipo_actual": 3}},
    {"model": "equipos.entrenador", "pk": 4, "fields": {"nombre": "Entrenador 4", "experiencia": 15, "tipo": "Ofensivo", "entrenamiento": 90, "tactica": 92, "motivacion": 91, "equipo_actual": 4}},
    {"model": "equipos.entrenador", "pk": 5, "fields": {"nombre": "Entrenador 5", "experiencia": 7, "tipo": "Defensivo", "entrenamiento": 78, "tactica": 80, "motivacion": 79, "equipo_actual": 5}},
    {"model": "equipos.entrenador", "pk": 6, "fields": {"nombre": "Entrenador 6", "experiencia": 9, "tipo": "Equilibrado", "entrenamiento": 82, "tactica": 84, "motivacion": 83, "equipo_actual": 6}},
    {"model": "equipos.entrenador", "pk": 7, "fields": {"nombre": "Entrenador 7", "experiencia": 11, "tipo": "Ofensivo", "entrenamiento": 86, "tactica": 89, "motivacion": 87, "equipo_actual": 7}},
    {"model": "equipos.entrenador", "pk": 8, "fields": {"nombre": "Entrenador 8", "experiencia": 13, "tipo": "Defensivo", "entrenamiento": 88, "tactica": 90, "motivacion": 89, "equipo_actual": 8}},

    {"model": "equipos.temporada", "pk": 1, "fields": {"anio": 2023, "fecha_inicio": "2023-01-01T00:00:00Z", "fecha_fin": "2023-12-31T23:59:59Z"}}, 
    
    {"model": "equipos.jugador", "pk": 1, "fields": {"nombre": "Jugador 1", "edad": 25, "portero": false, "remate": 80, "desmarques": 85, "defensa": 40, "mentalidad": 75, "pases": 50, "vision": 70, "lateral": 90, "moral": 8, "forma_fisica": 7, "salario": 200000, "lesion": false, "equipo": 1, "nacionalidad": 1, "goles_carrera": 0, "asistencias_carrera": 0, "partidos_carrera": 0, "partidos_internacionales": 0, "goles_internacionales": 0, "asistencias_internacionales": 0}},
    {"model": "equipos.jugador", "pk": 2, "fields": {"nombre": "Jugador 2", "edad": 22, "portero": false, "remate": 78, "desmarques": 80, "defensa": 40, "mentalidad": 75, "pases": 50, "vision": 70, "lateral": 90, "moral": 88, "forma_fisica": 5, "salario": 180000, "lesion": false, "equipo": 1, "nacionalidad": 2, "goles_carrera": 0, "asistencias_carrera": 0, "partidos_carrera": 0, "partidos_internacionales": 0, "goles_internacionales": 0, "asistencias_internacionales": 0}},
    {"model": "equipos.jugador", "pk": 3, "fields": {"nombre": "Jugador 3", "edad": 28, "portero": false, "remate": 82, "desmarques": 70, "defensa": 40, "mentalidad": 75, "pases": 50, "vision": 70, "lateral": 90, "moral": 9, "forma_fisica": 5, "salario": 190000, "lesion": false, "equipo": 1, "nacionalidad": 3, "goles_carrera": 0, "asistencias_carrera": 0, "partidos_carrera": 0, "partidos_internacionales": 0, "goles_internacionales": 0, "asistencias_internacionales": 0}}, 
    {"model": "equipos.jugador", "pk": 4, "fields": {"nombre": "Jugador 4", "edad": 21, "portero": false, "remate": 82, "desmarques": 70, "defensa": 40, "mentalidad": 75, "pases": 50, "vision": 70, "lateral": 90, "moral": 9, "forma_fisica": 5, "salario": 190000, "lesion": false, "equipo": 1, "nacionalidad": 3, "goles_carrera": 0, "asistencias_carrera": 0, "partidos_carrera": 0, "partidos_internacionales": 0, "goles_internacionales": 0, "asistencias_internacionales": 0}}, 
    {"model": "equipos.jugador", "pk": 5, "fields": {"nombre": "Jugador 5", "edad": 30, "portero": false, "remate": 82, "desmarques": 70, "defensa": 40, "mentalidad": 75, "pases": 50, "vision": 70, "lateral": 90, "moral": 9, "forma_fisica": 5, "salario": 190000, "lesion": false, "equipo": 1, "nacionalidad": 3, "goles_carrera": 0, "asistencias_carrera": 0, "partidos_carrera": 0, "partidos_internacionales": 0, "goles_internacionales": 0, "asistencias_internacionales": 0}}, 
    {"model": "equipos.jugador", "pk": 6, "fields": {"nombre": "Jugador 6", "edad": 24, "portero": false, "remate": 82, "desmarques": 70, "defensa": 40, "mentalidad": 75, "pases": 50, "vision": 70, "lateral": 90, "moral": 9, "forma_fisica": 5, "salario": 190000, "lesion": false, "equipo": 1, "nacionalidad": 3, "goles_carrera": 0, "asistencias_carrera": 0, "partidos_carrera": 0, "partidos_internacionales": 0, "goles_internacionales": 0, "asistencias_internacionales": 0}}, 
    {"model": "equipos.jugador", "pk": 7, "fields": {"nombre": "Jugador 7", "edad": 27, "portero": false, "remate": 80, "desmarques": 85, "defensa": 40, "mentalidad": 75, "pases": 50, "vision": 70, "lateral": 90, "moral": 9, "forma_fisica": 5, "salario": 190000, "lesion": false, "equipo": 1, "nacionalidad": 3, "goles_carrera": 0, "asistencias_carrera": 0, "partidos_carrera": 0, "partidos_internacionales": 0, "goles_internacionales": 0, "asistencias_internacionales": 0}}, 
    {"model": "equipos.jugador", "pk": 8, "fields": {"nombre": "Jugador 8", "edad": 19, "portero": false, "remate": 60, "desmarques": 65, "defensa": 90, "mentalidad": 50, "pases": 40, "vision": 55, "lateral": 25, "moral": 9, "forma_fisica": 5, "salario": 190000, "lesion": false, "equipo": 1, "nacionalidad": 2, "goles_carrera": 0, "asistencias_carrera": 0, "partidos_carrera": 0, "partidos_internacionales": 0, "goles_internacionales": 0, "asistencias_internacionales": 0}}, 
    {"model": "equipos.jugador", "pk": 9, "fields": {"nombre": "Jugador 9", "edad": 23, "portero": false, "remate": 50, "desmarques": 55, "defensa": 95, "mentalidad": 60, "pases": 45, "vision": 65, "lateral": 10, "moral": 9, "forma_fisica": 5, "salario": 190000, "lesion": false, "equipo": 1, "nacionalidad": 2, "goles_carrera": 0, "asistencias_carrera": 0, "partidos_carrera": 0, "partidos_internacionales": 0, "goles_internacionales": 0, "asistencias_internacionales": 0}}, 
    {"model": "equipos.jugador", "pk": 10, "fields": {"nombre": "Jugador 10", "edad": 29, "portero": false, "remate": 85, "desmarques": 90, "defensa": 35, "mentalidad": 70, "pases": 60, "vision": 75, "lateral": 80, "moral": 9, "forma_fisica": 5, "salario": 190000, "lesion": false, "equipo": 1, "nacionalidad": 3, "goles_carrera": 0, "asistencias_carrera": 0, "partidos_carrera": 0, "partidos_internacionales": 0, "goles_internacionales": 0, "asistencias_internacionales": 0}},
    {"model": "equipos.jugador", "pk": 11, "fields": {"nombre": "Jugador 11", "edad": 20, "portero": false, "remate": 70, "desmarques": 75, "defensa": 85, "mentalidad": 55, "pases": 50, "vision": 60, "lateral": 30, "moral": 9, "forma_fisica": 5, "salario": 190000, "lesion": false, "equipo": 1, "nacionalidad": 3, "goles_carrera": 0, "asistencias_carrera": 0, "partidos_carrera": 0, "partidos_internacionales": 0, "goles_internacionales": 0, "asistencias_internacionales": 0}}, 
    {"model": "equipos.jugador", "pk": 12, "fields": {"nombre": "Jugador 12", "edad": 26, "portero": false, "remate": 65, "desmarques": 70, "defensa": 75, "mentalidad": 60, "pases": 55, "vision": 65, "lateral": 20, "moral": 9, "forma_fisica": 5, "salario": 190000, "lesion": false, "equipo": 2, "nacionalidad": 1, "goles_carrera": 0, "asistencias_carrera": 0, "partidos_carrera": 0, "partidos_internacionales": 0, "goles_internacionales": 0, "asistencias_internacionales": 0}}, 
    {"model": "equipos.jugador", "pk": 13, "fields": {"nombre": "Jugador 13", "edad": 31, "portero": false, "remate": 55, "desmarques": 60, "defensa": 80, "mentalidad": 75, "pases": 70, "vision": 60, "lateral": 25, "moral": 9, "forma_fisica": 5, "salario": 190000, "lesion": false, "equipo": 2, "nacionalidad": 2, "goles_carrera": 0, "asistencias_carrera": 0, "partidos_carrera": 0, "partidos_internacionales": 0, "goles_internacionales": 0, "asistencias_internacionales": 0}}, 
    {"model": "equipos.jugador", "pk": 14, "fields": {"nombre": "Jugador 14", "edad": 18, "portero": false, "remate": 50, "desmarques": 55, "defensa": 85, "mentalidad": 80, "pases": 65, "vision": 55, "lateral": 20, "moral": 9, "forma_fisica": 5, "salario": 190000, "lesion": false, "equipo": 2, "nacionalidad": 2, "goles_carrera": 0, "asistencias_carrera": 0, "partidos_carrera": 0, "partidos_internacionales": 0, "goles_internacionales": 0, "asistencias_internacionales": 0}}, 
    {"model": "equipos.jugador", "pk": 15, "fields": {"nombre": "Jugador 15", "edad": 25, "portero": false, "remate": 45, "desmarques": 50, "defensa": 90, "mentalidad": 85, "pases": 60, "vision": 50, "lateral": 25, "moral": 9, "forma_fisica": 5, "salario": 190000, "lesion": false, "equipo": 2, "nacionalidad": 2, "goles_carrera": 0, "asistencias_carrera": 0, "partidos_carrera": 0, "partidos_internacionales": 0, "goles_internacionales": 0, "asistencias_internacionales": 0}}, 
    {"model": "equipos.jugador", "pk": 16, "fields": {"nombre": "Jugador 16", "edad": 22, "portero": false, "remate": 40, "desmarques": 45, "defensa": 95, "mentalidad": 90, "pases": 55, "vision": 45, "lateral": 20, "moral": 9, "forma_fisica": 5, "salario": 190000, "lesion": false, "equipo": 2, "nacionalidad": 3, "goles_carrera": 0, "asistencias_carrera": 0, "partidos_carrera": 0, "partidos_internacionales": 0, "goles_internacionales": 0, "asistencias_internacionales": 0}}, 
    {"model": "equipos.jugador", "pk": 17, "fields": {"nombre": "Jugador 17", "edad": 28, "portero": false, "remate": 35, "desmarques": 40, "defensa": 100, "mentalidad": 95, "pases": 50, "vision": 40, "lateral": 15, "moral": 9, "forma_fisica": 5, "salario": 190000, "lesion": false, "equipo": 2, "nacionalidad": 2, "goles_carrera": 0, "asistencias_carrera": 0, "partidos_carrera": 0, "partidos_internacionales": 0, "goles_internacionales": 0, "asistencias_internacionales": 0}}, 
    {"model": "equipos.jugador", "pk": 18, "fields": {"nombre": "Jugador 18", "edad": 21, "portero": false, "remate": 30, "desmarques": 35, "defensa": 105, "mentalidad": 100, "pases": 45, "vision": 35, "lateral": 15, "moral": 9, "forma_fisica": 5, "salario": 190000, "lesion": false, "equipo": 2, "nacionalidad": 2, "goles_carrera": 0, "asistencias_carrera": 0, "partidos_carrera": 0, "partidos_internacionales": 0, "goles_internacionales": 0, "asistencias_internacionales": 0}},
    {"model": "equipos.jugador", "pk": 25, "fields": {"nombre": "Jugador 25", "edad": 20, "portero": false, "remate": 60, "desmarques": 50, "defensa": 50, "mentalidad": 50, "pases": 50, "vision": 50, "lateral": 50, "moral": 9, "forma_fisica": 5, "salario": 190000, "lesion": false, "equipo": 3, "nacionalidad": 3, "goles_carrera": 0, "asistencias_carrera": 0, "partidos_carrera": 0, "partidos_internacionales": 0, "goles_internacionales": 0, "asistencias_internacionales": 0}},
    {"model": "equipos.jugador", "pk": 26, "fields": {"nombre": "Jugador 26", "edad": 26, "portero": false, "remate": 45, "desmarques": 55, "defensa": 55, "mentalidad": 45, "pases": 55, "vision": 45, "lateral": 45, "moral": 9, "forma_fisica": 5, "salario": 190000, "lesion": false, "equipo": 3, "nacionalidad": 3, "goles_carrera": 0, "asistencias_carrera": 0, "partidos_carrera": 0, "partidos_internacionales": 0, "goles_internacionales": 0, "asistencias_internacionales": 0}},
    {"model": "equipos.jugador", "pk": 27, "fields": {"nombre": "Jugador 27", "edad": 31, "portero": false, "remate": 50, "desmarques": 60, "defensa": 50, "mentalidad": 50, "pases": 50, "vision": 50, "lateral": 50, "moral": 9, "forma_fisica": 5, "salario": 190000, "lesion": false, "equipo": 3, "nacionalidad": 3, "goles_carrera": 0, "asistencias_carrera": 0, "partidos_carrera": 0, "partidos_internacionales": 0, "goles_internacionales": 0, "asistencias_internacionales": 0}},
    {"model": "equipos.jugador", "pk": 28, "fields": {"nombre": "Jugador 28", "edad": 18, "portero": false, "remate": 55, "desmarques": 45, "defensa": 55, "mentalidad": 45, "pases": 55, "vision": 45, "lateral": 55, "moral": 9, "forma_fisica": 5, "salario": 190000, "lesion": false, "equipo": 3, "nacionalidad": 3, "goles_carrera": 0, "asistencias_carrera": 0, "partidos_carrera": 0, "partidos_internacionales": 0, "goles_internacionales": 0, "asistencias_internacionales": 0}},
    {"model": "equipos.jugador", "pk": 29, "fields": {"nombre": "Jugador 29", "edad": 25, "portero": false, "remate": 60, "desmarques": 50, "defensa": 50, "mentalidad": 50, "pases": 50, "vision": 50, "lateral": 50, "moral": 9, "forma_fisica": 5, "salario": 190000, "lesion": false, "equipo": 3, "nacionalidad": 3, "goles_carrera": 0, "asistencias_carrera": 0, "partidos_carrera": 0, "partidos_internacionales": 0, "goles_internacionales": 0, "asistencias_internacionales": 0}},
    {"model": "equipos.jugador", "pk": 30, "fields": {"nombre": "Jugador 30", "edad": 22, "portero": false, "remate": 45, "desmarques": 55, "defensa": 55, "mentalidad": 45, "pases": 55, "vision": 45, "lateral": 45, "moral": 9, "forma_fisica": 5, "salario": 190000, "lesion": false, "equipo": 3, "nacionalidad": 3, "goles_carrera": 0, "asistencias_carrera": 0, "partidos_carrera": 0, "partidos_internacionales": 0, "goles_internacionales": 0, "asistencias_internacionales": 0}},
    {"model": "equipos.jugador", "pk": 31, "fields": {"nombre": "Jugador 31", "edad": 28, "portero": false, "remate": 50, "desmarques": 60, "defensa": 70, "mentalidad": 40, "pases": 50, "vision": 60, "lateral": 40, "moral": 9, "forma_fisica": 5, "salario": 190000, "lesion": false, "equipo": 3, "nacionalidad": 1, "goles_carrera": 0, "asistencias_carrera": 0, "partidos_carrera": 0, "partidos_internacionales": 0, "goles_internacionales": 0, "asistencias_internacionales": 0}},
    {"model": "equipos.jugador", "pk": 32, "fields": {"nombre": "Jugador 32", "edad": 21, "portero": false, "remate": 55, "desmarques": 45, "defensa": 60, "mentalidad": 50, "pases": 55, "vision": 45, "lateral": 45, "moral": 9, "forma_fisica": 5, "salario": 190000, "lesion": false, "equipo": 3, "nacionalidad": 2, "goles_carrera": 0, "asistencias_carrera": 0, "partidos_carrera": 0, "partidos_internacionales": 0, "goles_internacionales": 0, "asistencias_internacionales": 0}},
    {"model": "equipos.jugador", "pk": 33, "fields": {"nombre": "Jugador 33", "edad": 30, "portero": false, "remate": 60, "desmarques": 50, "defensa": 50, "mentalidad": 50, "pases": 50, "vision": 50, "lateral": 50, "moral": 9, "forma_fisica": 5, "salario": 190000, "lesion": false, "equipo": 3, "nacionalidad": 2, "goles_carrera": 0, "asistencias_carrera": 0, "partidos_carrera": 0, "partidos_internacionales": 0, "goles_internacionales": 0, "asistencias_internacionales": 0}},
    {"model": "equipos.jugador", "pk": 34, "fields": {"nombre": "Jugador 34", "edad": 24, "portero": false, "remate": 55, "desmarques": 45, "defensa": 55, "mentalidad": 45, "pases": 55, "vision": 45, "lateral": 55, "moral": 9, "forma_fisica": 5, "salario": 190000, "lesion": false, "equipo": 4, "nacionalidad": 3, "goles_carrera": 0, "asistencias_carrera": 0, "partidos_carrera": 0, "partidos_internacionales": 0, "goles_internacionales": 0, "asistencias_internacionales": 0}},
    {"model": "equipos.jugador", "pk": 35, "fields": {"nombre": "Jugador 35", "edad": 19, "portero": false, "remate": 60, "desmarques": 50, "defensa": 50, "mentalidad": 50, "pases": 50, "vision": 50, "lateral": 50, "moral": 9, "forma_fisica": 5, "salario": 190000, "lesion": false, "equipo": 4, "nacionalidad": 2, "goles_carrera": 0, "asistencias_carrera": 0, "partidos_carrera": 0, "partidos_internacionales": 0, "goles_internacionales": 0, "asistencias_internacionales": 0}},
    {"model": "equipos.jugador", "pk": 36, "fields": {"nombre": "Jugador 36", "edad": 28, "portero": false, "remate": 55, "desmarques": 45, "defensa": 55, "mentalidad": 45, "pases": 55, "vision": 45, "lateral": 55, "moral": 9, "forma_fisica": 5, "salario": 190000, "lesion": false, "equipo": 4, "nacionalidad": 2, "goles_carrera": 0, "asistencias_carrera": 0, "partidos_carrera": 0, "partidos_internacionales": 0, "goles_internacionales": 0, "asistencias_internacionales": 0}},
    {"model": "equipos.jugador", "pk": 37, "fields": {"nombre": "Jugador 37", "edad": 21, "portero": false, "remate": 50, "desmarques": 60, "defensa": 70, "mentalidad": 40, "pases": 50, "vision": 60, "lateral": 40, "moral": 9, "forma_fisica": 5, "salario": 190000, "lesion": false, "equipo": 4, "nacionalidad": 3, "goles_carrera": 0, "asistencias_carrera": 0, "partidos_carrera": 0, "partidos_internacionales": 0, "goles_internacionales": 0, "asistencias_internacionales": 0}},
    {"model": "equipos.jugador", "pk": 38, "fields": {"nombre": "Jugador 38", "edad": 30, "portero": false, "remate": 55, "desmarques": 45, "defensa": 60, "mentalidad": 50, "pases": 55, "vision": 45, "lateral": 45, "moral": 9, "forma_fisica": 5, "salario": 190000, "lesion": false, "equipo": 4, "nacionalidad": 2, "goles_carrera": 0, "asistencias_carrera": 0, "partidos_carrera": 0, "partidos_internacionales": 0, "goles_internacionales": 0, "asistencias_internacionales": 0}},
    {"model": "equipos.jugador", "pk": 39, "fields": {"nombre": "Jugador 39", "edad": 23, "portero": false, "remate": 60, "desmarques": 50, "defensa": 50, "mentalidad": 50, "pases": 50, "vision": 50, "lateral": 50, "moral": 9, "forma_fisica": 5, "salario": 190000, "lesion": false, "equipo": 4, "nacionalidad": 2, "goles_carrera": 0, "asistencias_carrera": 0, "partidos_carrera": 0, "partidos_internacionales": 0, "goles_internacionales": 0, "asistencias_internacionales": 0}},
    {"model": "equipos.jugador", "pk": 40, "fields": {"nombre": "Jugador 40", "edad": 27, "portero": false, "remate": 55, "desmarques": 45, "defensa": 55, "mentalidad": 45, "pases": 55, "vision": 45, "lateral": 55, "moral": 9, "forma_fisica": 5, "salario": 190000, "lesion": false, "equipo": 4, "nacionalidad": 2, "goles_carrera": 0, "asistencias_carrera": 0, "partidos_carrera": 0, "partidos_internacionales": 0, "goles_internacionales": 0, "asistencias_internacionales": 0}},
    {"model": "equipos.jugador", "pk": 41, "fields": {"nombre": "Jugador 41", "edad": 22, "portero": false, "remate": 50, "desmarques": 60, "defensa": 70, "mentalidad": 40, "pases": 50, "vision": 60, "lateral": 40, "moral": 9, "forma_fisica": 5, "salario": 190000, "lesion": false, "equipo": 4, "nacionalidad": 1, "goles_carrera": 0, "asistencias_carrera": 0, "partidos_carrera": 0, "partidos_internacionales": 0, "goles_internacionales": 0, "asistencias_internacionales": 0}},
    {"model": "equipos.jugador", "pk": 42, "fields": {"nombre": "Jugador 42", "edad": 31, "portero": false, "remate": 55, "desmarques": 45, "defensa": 60, "mentalidad": 50, "pases": 55, "vision": 45, "lateral": 45, "moral": 9, "forma_fisica": 5, "salario": 190000, "lesion": false, "equipo": 4, "nacionalidad": 2, "goles_carrera": 0, "asistencias_carrera": 0, "partidos_carrera": 0, "partidos_internacionales": 0, "goles_internacionales": 0, "asistencias_internacionales": 0}},
    {"model": "equipos.jugador", "pk": 43, "fields": {"nombre": "Jugador 43", "edad": 20, "portero": false, "remate": 60, "desmarques": 50, "defensa": 50, "mentalidad": 50, "pases": 50, "vision": 50, "lateral": 50, "moral": 9, "forma_fisica": 5, "salario": 190000, "lesion": false, "equipo": 4, "nacionalidad": 3, "goles_carrera": 0, "asistencias_carrera": 0, "partidos_carrera": 0, "partidos_internacionales": 0, "goles_internacionales": 0, "asistencias_internacionales": 0}},
    {"model": "equipos.jugador", "pk": 44, "fields": {"nombre": "Jugador 44", "edad": 29, "portero": false, "remate": 55, "desmarques": 45, "defensa": 55, "mentalidad": 45, "pases": 55, "vision": 45, "lateral": 55, "moral": 9, "forma_fisica": 5, "salario": 190000, "lesion": false, "equipo": 4, "nacionalidad": 3, "goles_carrera": 0, "asistencias_carrera": 0, "partidos_carrera": 0, "partidos_internacionales": 0, "goles_internacionales": 0, "asistencias_internacionales": 0}},
    {"model": "equipos.jugador", "pk": 45, "fields": {"nombre": "Jugador 45", "edad": 18, "portero": false, "remate": 50, "desmarques": 60, "defensa": 70, "mentalidad": 40, "pases": 50, "vision": 60, "lateral": 40, "moral": 9, "forma_fisica": 5, "salario": 190000, "lesion": false, "equipo": 5, "nacionalidad": 3, "goles_carrera": 0, "asistencias_carrera": 0, "partidos_carrera": 0, "partidos_internacionales": 0, "goles_internacionales": 0, "asistencias_internacionales": 0}},
    {"model": "equipos.jugador", "pk": 46, "fields": {"nombre": "Jugador 46", "edad": 26, "portero": false, "remate": 55, "desmarques": 45, "defensa": 60, "mentalidad": 50, "pases": 55, "vision": 45, "lateral": 45, "moral": 9, "forma_fisica": 5, "salario": 190000, "lesion": false, "equipo": 5, "nacionalidad": 3, "goles_carrera": 0, "asistencias_carrera": 0, "partidos_carrera": 0, "partidos_internacionales": 0, "goles_internacionales": 0, "asistencias_internacionales": 0}},
    {"model": "equipos.jugador", "pk": 47, "fields": {"nombre": "Jugador 47", "edad": 25, "portero": false, "remate": 60, "desmarques": 50, "defensa": 50, "mentalidad": 50, "pases": 50, "vision": 50, "lateral": 50, "moral": 9, "forma_fisica": 5, "salario": 190000, "lesion": false, "equipo": 5, "nacionalidad": 3, "goles_carrera": 0, "asistencias_carrera": 0, "partidos_carrera": 0, "partidos_internacionales": 0, "goles_internacionales": 0, "asistencias_internacionales": 0}},
    {"model": "equipos.jugador", "pk": 48, "fields": {"nombre": "Jugador 48", "edad": 32, "portero": false, "remate": 55, "desmarques": 45, "defensa": 55, "mentalidad": 45, "pases": 55, "vision": 45, "lateral": 55, "moral": 9, "forma_fisica": 5, "salario": 190000, "lesion": false, "equipo": 5, "nacionalidad": 3, "goles_carrera": 0, "asistencias_carrera": 0, "partidos_carrera": 0, "partidos_internacionales": 0, "goles_internacionales": 0, "asistencias_internacionales": 0}},
    {"model": "equipos.jugador", "pk": 49, "fields": {"nombre": "Jugador 49", "edad": 24, "portero": false, "remate": 50, "desmarques": 60, "defensa": 70, "mentalidad": 40, "pases": 50, "vision": 60, "lateral": 40, "moral": 9, "forma_fisica": 5, "salario": 190000, "lesion": false, "equipo": 5, "nacionalidad": 3, "goles_carrera": 0, "asistencias_carrera": 0, "partidos_carrera": 0, "partidos_internacionales": 0, "goles_internacionales": 0, "asistencias_internacionales": 0}},
    {"model": "equipos.jugador", "pk": 50, "fields": {"nombre": "Jugador 50", "edad": 19, "portero": false, "remate": 55, "desmarques": 45, "defensa": 60, "mentalidad": 50, "pases": 55, "vision": 45, "lateral": 45, "moral": 9, "forma_fisica": 5, "salario": 190000, "lesion": false, "equipo": 5, "nacionalidad": 3, "goles_carrera": 0, "asistencias_carrera": 0, "partidos_carrera": 0, "partidos_internacionales": 0, "goles_internacionales": 0, "asistencias_internacionales": 0}},
    {"model": "equipos.jugador", "pk": 51, "fields": {"nombre": "Jugador 51", "edad": 28, "portero": false, "remate": 50, "desmarques": 60, "defensa": 40, "mentalidad": 70, "pases": 50, "vision": 60, "lateral": 40, "moral": 9, "forma_fisica": 5, "salario": 190000, "lesion": false, "equipo": 5, "nacionalidad": 3, "goles_carrera": 0, "asistencias_carrera": 0, "partidos_carrera": 0, "partidos_internacionales": 0, "goles_internacionales": 0, "asistencias_internacionales": 0}},
    {"model": "equipos.jugador", "pk": 52, "fields": {"nombre": "Jugador 52", "edad": 21, "portero": false, "remate": 55, "desmarques": 45, "defensa": 65, "mentalidad": 50, "pases": 55, "vision": 45, "lateral": 45, "moral": 9, "forma_fisica": 5, "salario": 190000, "lesion": false, "equipo": 5, "nacionalidad": 3, "goles_carrera": 0, "asistencias_carrera": 0, "partidos_carrera": 0, "partidos_internacionales": 0, "goles_internacionales": 0, "asistencias_internacionales": 0}},
    {"model": "equipos.jugador", "pk": 53, "fields": {"nombre": "Jugador 53", "edad": 30, "portero": false, "remate": 60, "desmarques": 50, "defensa": 40, "mentalidad": 60, "pases": 50, "vision": 40, "lateral": 50, "moral": 9, "forma_fisica": 5, "salario": 190000, "lesion": false, "equipo": 5, "nacionalidad": 3, "goles_carrera": 0, "asistencias_carrera": 0, "partidos_carrera": 0, "partidos_internacionales": 0, "goles_internacionales": 0, "asistencias_internacionales": 0}},
    {"model": "equipos.jugador", "pk": 54, "fields": {"nombre": "Jugador 54", "edad": 23, "portero": false, "remate": 45, "desmarques": 55, "defensa": 50, "mentalidad": 55, "pases": 45, "vision": 55, "lateral": 50, "moral": 9, "forma_fisica": 5, "salario": 190000, "lesion": false, "equipo": 5, "nacionalidad": 3, "goles_carrera": 0, "asistencias_carrera": 0, "partidos_carrera": 0, "partidos_internacionales": 0, "goles_internacionales": 0, "asistencias_internacionales": 0}},
    {"model": "equipos.jugador", "pk": 55, "fields": {"nombre": "Jugador 55", "edad": 27, "portero": false, "remate": 50, "desmarques": 60, "defensa": 40, "mentalidad": 70, "pases": 50, "vision": 60, "lateral": 40, "moral": 9, "forma_fisica": 5, "salario": 190000, "lesion": false, "equipo": 5, "nacionalidad": 3, "goles_carrera": 0, "asistencias_carrera": 0, "partidos_carrera": 0, "partidos_internacionales": 0, "goles_internacionales": 0, "asistencias_internacionales": 0}},
    {"model": "equipos.jugador", "pk": 56, "fields": {"nombre": "Jugador 56", "edad": 22, "portero": false, "remate": 55, "desmarques": 45, "defensa": 65, "mentalidad": 50, "pases": 55, "vision": 45, "lateral": 45, "moral": 9, "forma_fisica": 5, "salario": 190000, "lesion": false, "equipo": 6, "nacionalidad": 3, "goles_carrera": 0, "asistencias_carrera": 0, "partidos_carrera": 0, "partidos_internacionales": 0, "goles_internacionales": 0, "asistencias_internacionales": 0}},
    {"model": "equipos.jugador", "pk": 57, "fields": {"nombre": "Jugador 57", "edad": 31, "portero": false, "remate": 60, "desmarques": 50, "defensa": 40, "mentalidad": 60, "pases": 50, "vision": 40, "lateral": 50, "moral": 9, "forma_fisica": 5, "salario": 190000, "lesion": false, "equipo": 6, "nacionalidad": 3, "goles_carrera": 0, "asistencias_carrera": 0, "partidos_carrera": 0, "partidos_internacionales": 0, "goles_internacionales": 0, "asistencias_internacionales": 0}},
    {"model": "equipos.jugador", "pk": 58, "fields": {"nombre": "Jugador 58", "edad": 20, "portero": false, "remate": 45, "desmarques": 55, "defensa": 50, "mentalidad": 55, "pases": 45, "vision": 55, "lateral": 50, "moral": 9, "forma_fisica": 5, "salario": 190000, "lesion": false, "equipo": 6, "nacionalidad": 3, "goles_carrera": 0, "asistencias_carrera": 0, "partidos_carrera": 0, "partidos_internacionales": 0, "goles_internacionales": 0, "asistencias_internacionales": 0}},
    {"model": "equipos.jugador", "pk": 59, "fields": {"nombre": "Jugador 59", "edad": 29, "portero": false, "remate": 50, "desmarques": 60, "defensa": 40, "mentalidad": 70, "pases": 50, "vision": 60, "lateral": 40, "moral": 9, "forma_fisica": 5, "salario": 190000, "lesion": false, "equipo": 6, "nacionalidad": 3, "goles_carrera": 0, "asistencias_carrera": 0, "partidos_carrera": 0, "partidos_internacionales": 0, "goles_internacionales": 0, "asistencias_internacionales": 0}},
    {"model": "equipos.jugador", "pk": 60, "fields": {"nombre": "Jugador 60", "edad": 18, "portero": false, "remate": 55, "desmarques": 45, "defensa": 65, "mentalidad": 50, "pases": 55, "vision": 45, "lateral": 45, "moral": 9, "forma_fisica": 5, "salario": 190000, "lesion": false, "equipo": 6, "nacionalidad": 3, "goles_carrera": 0, "asistencias_carrera": 0, "partidos_carrera": 0, "partidos_internacionales": 0, "goles_internacionales": 0, "asistencias_internacionales": 0}},
    {"model": "equipos.jugador", "pk": 78, "fields": {"nombre": "Jugador 78", "edad": 24, "portero": false, "remate": 60, "desmarques": 50, "defensa": 50, "mentalidad": 50, "pases": 50, "vision": 50, "lateral": 50, "moral": 9, "forma_fisica": 5, "salario": 210000, "lesion": false, "equipo": 8, "nacionalidad": 1, "goles_carrera": 0, "asistencias_carrera": 0, "partidos_carrera": 0, "partidos_internacionales": 0, "goles_internacionales": 0, "asistencias_internacionales": 0}},
    {"model": "equipos.jugador", "pk": 79, "fields": {"nombre": "Jugador 79", "edad": 30, "portero": false, "remate": 45, "desmarques": 55, "defensa": 50, "mentalidad": 55, "pases": 45, "vision": 55, "lateral": 50, "moral": 9, "forma_fisica": 5, "salario": 215000, "lesion": false, "equipo": 8, "nacionalidad": 2, "goles_carrera": 0, "asistencias_carrera": 0, "partidos_carrera": 0, "partidos_internacionales": 0, "goles_internacionales": 0, "asistencias_internacionales": 0}},
    {"model": "equipos.jugador", "pk": 80, "fields": {"nombre": "Jugador 80", "edad": 22, "portero": false, "remate": 50, "desmarques": 60, "defensa": 40, "mentalidad": 70, "pases": 50, "vision": 60, "lateral": 40, "moral": 9, "forma_fisica": 5, "salario": 220000, "lesion": false, "equipo": 8, "nacionalidad": 3, "goles_carrera": 0, "asistencias_carrera": 0, "partidos_carrera": 0, "partidos_internacionales": 0, "goles_internacionales": 0, "asistencias_internacionales": 0}},
    {"model": "equipos.jugador", "pk": 81, "fields": {"nombre": "Jugador 81", "edad": 27, "portero": false, "remate": 55, "desmarques": 45, "defensa": 65, "mentalidad": 50, "pases": 55, "vision": 45, "lateral": 45, "moral": 9, "forma_fisica": 5, "salario": 225000, "lesion": false, "equipo": 8, "nacionalidad": 1, "goles_carrera": 0, "asistencias_carrera": 0, "partidos_carrera": 0, "partidos_internacionales": 0, "goles_internacionales": 0, "asistencias_internacionales": 0}},
    {"model": "equipos.jugador", "pk": 82, "fields": {"nombre": "Jugador 82", "edad": 20, "portero": false, "remate": 60, "desmarques": 50, "defensa": 50, "mentalidad": 50, "pases": 50, "vision": 50, "lateral": 50, "moral": 9, "forma_fisica": 5, "salario": 230000, "lesion": false, "equipo": 8, "nacionalidad": 2, "goles_carrera": 0, "asistencias_carrera": 0, "partidos_carrera": 0, "partidos_internacionales": 0, "goles_internacionales": 0, "asistencias_internacionales": 0}},
    {"model": "equipos.jugador", "pk": 83, "fields": {"nombre": "Jugador 83", "edad": 29, "portero": false, "remate": 45, "desmarques": 55, "defensa": 50, "mentalidad": 55, "pases": 45, "vision": 55, "lateral": 50, "moral": 9, "forma_fisica": 5, "salario": 235000, "lesion": false, "equipo": 8, "nacionalidad": 3, "goles_carrera": 0, "asistencias_carrera": 0, "partidos_carrera": 0, "partidos_internacionales": 0, "goles_internacionales": 0, "asistencias_internacionales": 0}},
    {"model": "equipos.jugador", "pk": 84, "fields": {"nombre": "Jugador 84", "edad": 18, "portero": false, "remate": 50, "desmarques": 60, "defensa": 40, "mentalidad": 70, "pases": 50, "vision": 60, "lateral": 40, "moral": 5, "forma_fisica": 5, "salario": 240000, "lesion": false, "equipo": 8, "nacionalidad": 1, "goles_carrera": 0, "asistencias_carrera": 0, "partidos_carrera": 0, "partidos_internacionales": 0, "goles_internacionales": 0, "asistencias_internacionales": 0}},
    {"model": "equipos.jugador", "pk": 85, "fields": {"nombre": "Jugador 85", "edad": 32, "portero": false, "remate": 55, "desmarques": 45, "defensa": 65, "mentalidad": 50, "pases": 55, "vision": 45, "lateral": 45, "moral": 5, "forma_fisica": 5, "salario": 245000, "lesion": false, "equipo": 8, "nacionalidad": 2, "goles_carrera": 0, "asistencias_carrera": 0, "partidos_carrera": 0, "partidos_internacionales": 0, "goles_internacionales": 0, "asistencias_internacionales": 0}},
    {"model": "equipos.jugador", "pk": 86, "fields": {"nombre": "Jugador 86", "edad": 26, "portero": false, "remate": 60, "desmarques": 50, "defensa": 50, "mentalidad": 50, "pases": 50, "vision": 50, "lateral": 50, "moral": 5, "forma_fisica": 5, "salario": 250000, "lesion": false, "equipo": 8, "nacionalidad": 3, "goles_carrera": 0, "asistencias_carrera": 0, "partidos_carrera": 0, "partidos_internacionales": 0, "goles_internacionales": 0, "asistencias_internacionales": 0}},
    {"model": "equipos.jugador", "pk": 87, "fields": {"nombre": "Jugador 87", "edad": 31, "portero": false, "remate": 45, "desmarques": 55, "defensa": 50, "mentalidad": 55, "pases": 45, "vision": 55, "lateral": 50, "moral": 5, "forma_fisica": 5, "salario": 255000, "lesion": false, "equipo": 8, "nacionalidad": 1, "goles_carrera": 0, "asistencias_carrera": 0, "partidos_carrera": 0, "partidos_internacionales": 0, "goles_internacionales": 0, "asistencias_internacionales": 0}},
    {"model": "equipos.jugador", "pk": 88, "fields": {"nombre": "Jugador 88", "edad": 19, "portero": false, "remate": 50, "desmarques": 60, "defensa": 40, "mentalidad": 70, "pases": 50, "vision": 60, "lateral": 40, "moral": 5, "forma_fisica": 5, "salario": 260000, "lesion": false, "equipo": 8, "nacionalidad": 2, "goles_carrera": 0, "asistencias_carrera": 0, "partidos_carrera": 0, "partidos_internacionales": 0, "goles_internacionales": 0, "asistencias_internacionales": 0}},

    {"model": "equipos.jugador", "pk": 89, "fields": {"nombre": "Suplente 1", "edad": 21, "portero": false, "remate": 50, "desmarques": 60, "defensa": 40, "mentalidad": 70, "pases": 50, "vision": 60, "lateral": 40, "moral": 8, "forma_fisica": 5, "salario": 150000, "lesion": false, "equipo": 1, "nacionalidad": 1, "goles_carrera": 0, "asistencias_carrera": 0, "partidos_carrera": 0, "partidos_internacionales": 0, "goles_internacionales": 0, "asistencias_internacionales": 0}},
    {"model": "equipos.jugador", "pk": 90, "fields": {"nombre": "Suplente 2", "edad": 25, "portero": false, "remate": 55, "desmarques": 45, "defensa": 65, "mentalidad": 50, "pases": 55, "vision": 45, "lateral": 45, "moral": 8, "forma_fisica": 5, "salario": 155000, "lesion": false, "equipo": 1, "nacionalidad": 2, "goles_carrera": 0, "asistencias_carrera": 0, "partidos_carrera": 0, "partidos_internacionales": 0, "goles_internacionales": 0, "asistencias_internacionales": 0}},
    {"model": "equipos.jugador", "pk": 91, "fields": {"nombre": "Suplente 3", "edad": 19, "portero": false, "remate": 60, "desmarques": 50, "defensa": 50, "mentalidad": 50, "pases": 50, "vision": 50, "lateral": 50, "moral": 8, "forma_fisica": 5, "salario": 160000, "lesion": false, "equipo": 1, "nacionalidad": 3, "goles_carrera": 0, "asistencias_carrera": 0, "partidos_carrera": 0, "partidos_internacionales": 0, "goles_internacionales": 0, "asistencias_internacionales": 0}},
    {"model": "equipos.jugador", "pk": 92, "fields": {"nombre": "Suplente 4", "edad": 28, "portero": false, "remate": 45, "desmarques": 55, "defensa": 55, "mentalidad": 45, "pases": 55, "vision": 45, "lateral": 45, "moral": 8, "forma_fisica": 5, "salario": 165000, "lesion": false, "equipo": 1, "nacionalidad": 1, "goles_carrera": 0, "asistencias_carrera": 0, "partidos_carrera": 0, "partidos_internacionales": 0, "goles_internacionales": 0, "asistencias_internacionales": 0}},
    {"model": "equipos.jugador", "pk": 93, "fields": {"nombre": "Suplente 5", "edad": 23, "portero": false, "remate": 50, "desmarques": 60, "defensa": 40, "mentalidad": 70, "pases": 50, "vision": 60, "lateral": 40, "moral": 8, "forma_fisica": 5, "salario": 170000, "lesion": false, "equipo": 1, "nacionalidad": 2, "goles_carrera": 0, "asistencias_carrera": 0, "partidos_carrera": 0, "partidos_internacionales": 0, "goles_internacionales": 0, "asistencias_internacionales": 0}},
    {"model": "equipos.jugador", "pk": 94, "fields": {"nombre": "Suplente 6", "edad": 24, "portero": false, "remate": 55, "desmarques": 45, "defensa": 65, "mentalidad": 50, "pases": 55, "vision": 45, "lateral": 45, "moral": 9, "forma_fisica": 5, "salario": 175000, "lesion": false, "equipo": 1, "nacionalidad": 3, "goles_carrera": 0, "asistencias_carrera": 0, "partidos_carrera": 0, "partidos_internacionales": 0, "goles_internacionales": 0, "asistencias_internacionales": 0}},

    {"model": "equipos.jugador", "pk": 95, "fields": {"nombre": "Suplente 1", "edad": 30, "portero": false, "remate": 60, "desmarques": 50, "defensa": 50, "mentalidad": 50, "pases": 50, "vision": 50, "lateral": 50, "moral": 8, "forma_fisica": 5, "salario": 150000, "lesion": false, "equipo": 2, "nacionalidad": 1, "goles_carrera": 0, "asistencias_carrera": 0, "partidos_carrera": 0, "partidos_internacionales": 0, "goles_internacionales": 0, "asistencias_internacionales": 0}},
    {"model": "equipos.jugador", "pk": 96, "fields": {"nombre": "Suplente 2", "edad": 22, "portero": false, "remate": 45, "desmarques": 55, "defensa": 55, "mentalidad": 45, "pases": 55, "vision": 45, "lateral": 45, "moral": 8, "forma_fisica": 5, "salario": 155000, "lesion": false, "equipo": 2, "nacionalidad": 2, "goles_carrera": 0, "asistencias_carrera": 0, "partidos_carrera": 0, "partidos_internacionales": 0, "goles_internacionales": 0, "asistencias_internacionales": 0}},
    {"model": "equipos.jugador", "pk": 97, "fields": {"nombre": "Suplente 3", "edad": 27, "portero": false, "remate": 50, "desmarques": 60, "defensa": 40, "mentalidad": 70, "pases": 50, "vision": 60, "lateral": 40, "moral": 8, "forma_fisica": 5, "salario": 160000, "lesion": false, "equipo": 2, "nacionalidad": 3, "goles_carrera": 0, "asistencias_carrera": 0, "partidos_carrera": 0, "partidos_internacionales": 0, "goles_internacionales": 0, "asistencias_internacionales": 0}},
    {"model": "equipos.jugador", "pk": 98, "fields": {"nombre": "Suplente 4", "edad": 20, "portero": false, "remate": 55, "desmarques": 45, "defensa": 65, "mentalidad": 50, "pases": 55, "vision": 45, "lateral": 45, "moral": 8, "forma_fisica": 5, "salario": 165000, "lesion": false, "equipo": 2, "nacionalidad": 1, "goles_carrera": 0, "asistencias_carrera": 0, "partidos_carrera": 0, "partidos_internacionales": 0, "goles_internacionales": 0, "asistencias_internacionales": 0}},
    {"model": "equipos.jugador", "pk": 99, "fields": {"nombre": "Suplente 5", "edad": 29, "portero": false, "remate": 50, "desmarques": 60, "defensa": 40, "mentalidad": 70, "pases": 50, "vision": 60, "lateral": 40, "moral": 8, "forma_fisica": 5, "salario": 170000, "lesion": false, "equipo": 2, "nacionalidad": 2, "goles_carrera": 0, "asistencias_carrera": 0, "partidos_carrera": 0, "partidos_internacionales": 0, "goles_internacionales": 0, "asistencias_internacionales": 0}},
    {"model": "equipos.jugador", "pk": 100, "fields": {"nombre": "Suplente 6", "edad": 18, "portero": false, "remate": 55, "desmarques": 45, "defensa": 65, "mentalidad": 50, "pases": 55, "vision": 45, "lateral": 45, "moral": 9, "forma_fisica": 5, "salario": 175000, "lesion": false, "equipo": 2, "nacionalidad": 3, "goles_carrera": 0, "asistencias_carrera": 0, "partidos_carrera": 0, "partidos_internacionales": 0, "goles_internacionales": 0, "asistencias_internacionales": 0}},

    {"model": "equipos.jugador", "pk": 101, "fields": {"nombre": "Suplente 1", "edad": 21, "portero": false, "remate": 50, "desmarques": 60, "defensa": 40, "mentalidad": 70, "pases": 50, "vision": 60, "lateral": 40, "moral": 8, "forma_fisica": 5, "salario": 150000, "lesion": false, "equipo": 3, "nacionalidad": 1, "goles_carrera": 0, "asistencias_carrera": 0, "partidos_carrera": 0, "partidos_internacionales": 0, "goles_internacionales": 0, "asistencias_internacionales": 0}},
    {"model": "equipos.jugador", "pk": 102, "fields": {"nombre": "Suplente 2", "edad": 25, "portero": false, "remate": 55, "desmarques": 45, "defensa": 65, "mentalidad": 50, "pases": 55, "vision": 45, "lateral": 45, "moral": 8, "forma_fisica": 5, "salario": 155000, "lesion": false, "equipo": 3, "nacionalidad": 2, "goles_carrera": 0, "asistencias_carrera": 0, "partidos_carrera": 0, "partidos_internacionales": 0, "goles_internacionales": 0, "asistencias_internacionales": 0}},
    {"model": "equipos.jugador", "pk": 103, "fields": {"nombre": "Suplente 3", "edad": 19, "portero": false, "remate": 60, "desmarques": 50, "defensa": 50, "mentalidad": 50, "pases": 50, "vision": 50, "lateral": 50, "moral": 8, "forma_fisica": 5, "salario": 160000, "lesion": false, "equipo": 3, "nacionalidad": 3, "goles_carrera": 0, "asistencias_carrera": 0, "partidos_carrera": 0, "partidos_internacionales": 0, "goles_internacionales": 0, "asistencias_internacionales": 0}},
    {"model": "equipos.jugador", "pk": 104, "fields": {"nombre": "Suplente 4", "edad": 28, "portero": false, "remate": 45, "desmarques": 55, "defensa": 55, "mentalidad": 45, "pases": 55, "vision": 45, "lateral": 45, "moral": 8, "forma_fisica": 5, "salario": 165000, "lesion": false, "equipo": 3, "nacionalidad": 1, "goles_carrera": 0, "asistencias_carrera": 0, "partidos_carrera": 0, "partidos_internacionales": 0, "goles_internacionales": 0, "asistencias_internacionales": 0}},
    {"model": "equipos.jugador", "pk": 105, "fields": {"nombre": "Suplente 5", "edad": 23, "portero": false, "remate": 50, "desmarques": 60, "defensa": 40, "mentalidad": 70, "pases": 50, "vision": 60, "lateral": 40, "moral": 8, "forma_fisica": 5, "salario": 170000, "lesion": false, "equipo": 3, "nacionalidad": 2, "goles_carrera": 0, "asistencias_carrera": 0, "partidos_carrera": 0, "partidos_internacionales": 0, "goles_internacionales": 0, "asistencias_internacionales": 0}},
    {"model": "equipos.jugador", "pk": 106, "fields": {"nombre": "Suplente 6", "edad": 24, "portero": false, "remate": 55, "desmarques": 45, "defensa": 65, "mentalidad": 50, "pases": 55, "vision": 45, "lateral": 45, "moral": 9, "forma_fisica": 5, "salario": 175000, "lesion": false, "equipo": 3, "nacionalidad": 3, "goles_carrera": 0, "asistencias_carrera": 0, "partidos_carrera": 0, "partidos_internacionales": 0, "goles_internacionales": 0, "asistencias_internacionales": 0}},

    {"model": "equipos.jugador", "pk": 107, "fields": {"nombre": "Suplente 1", "edad": 30, "portero": false, "remate": 60, "desmarques": 50, "defensa": 50, "mentalidad": 50, "pases": 50, "vision": 50, "lateral": 50, "moral": 8, "forma_fisica": 5, "salario": 150000, "lesion": false, "equipo": 4, "nacionalidad": 1, "goles_carrera": 0, "asistencias_carrera": 0, "partidos_carrera": 0, "partidos_internacionales": 0, "goles_internacionales": 0, "asistencias_internacionales": 0}},
    {"model": "equipos.jugador", "pk": 108, "fields": {"nombre": "Suplente 2", "edad": 22, "portero": false, "remate": 45, "desmarques": 55, "defensa": 55, "mentalidad": 45, "pases": 55, "vision": 45, "lateral": 45, "moral": 8, "forma_fisica": 5, "salario": 155000, "lesion": false, "equipo": 4, "nacionalidad": 2, "goles_carrera": 0, "asistencias_carrera": 0, "partidos_carrera": 0, "partidos_internacionales": 0, "goles_internacionales": 0, "asistencias_internacionales": 0}},
    {"model": "equipos.jugador", "pk": 109, "fields": {"nombre": "Suplente 3", "edad": 27, "portero": false, "remate": 50, "desmarques": 60, "defensa": 40, "mentalidad": 70, "pases": 50, "vision": 60, "lateral": 40, "moral": 8, "forma_fisica": 5, "salario": 160000, "lesion": false, "equipo": 4, "nacionalidad": 3, "goles_carrera": 0, "asistencias_carrera": 0, "partidos_carrera": 0, "partidos_internacionales": 0, "goles_internacionales": 0, "asistencias_internacionales": 0}},
    {"model": "equipos.jugador", "pk": 110, "fields": {"nombre": "Suplente 4", "edad": 20, "portero": false, "remate": 55, "desmarques": 45, "defensa": 65, "mentalidad": 50, "pases": 55, "vision": 45, "lateral": 45, "moral": 8, "forma_fisica": 5, "salario": 165000, "lesion": false, "equipo": 4, "nacionalidad": 1, "goles_carrera": 0, "asistencias_carrera": 0, "partidos_carrera": 0, "partidos_internacionales": 0, "goles_internacionales": 0, "asistencias_internacionales": 0}},
    {"model": "equipos.jugador", "pk": 111, "fields": {"nombre": "Suplente 5", "edad": 29, "portero": false, "remate": 50, "desmarques": 60, "defensa": 40, "mentalidad": 70, "pases": 50, "vision": 60, "lateral": 40, "moral": 8, "forma_fisica": 5, "salario": 170000, "lesion": false, "equipo": 4, "nacionalidad": 2, "goles_carrera": 0, "asistencias_carrera": 0, "partidos_carrera": 0, "partidos_internacionales": 0, "goles_internacionales": 0, "asistencias_internacionales": 0}},
    {"model": "equipos.jugador", "pk": 112, "fields": {"nombre": "Suplente 6", "edad": 18, "portero": false, "remate": 55, "desmarques": 45, "defensa": 65, "mentalidad": 50, "pases": 55, "vision": 45, "lateral": 45, "moral": 9, "forma_fisica": 5, "salario": 175000, "lesion": false, "equipo": 4, "nacionalidad": 3, "goles_carrera": 0, "asistencias_carrera": 0, "partidos_carrera": 0, "partidos_internacionales": 0, "goles_internacionales": 0, "asistencias_internacionales": 0}},

    {"model": "equipos.jugador", "pk": 113, "fields": {"nombre": "Suplente 1", "edad": 26, "portero": false, "remate": 50, "desmarques": 60, "defensa": 40, "mentalidad": 70, "pases": 50, "vision": 60, "lateral": 40, "moral": 8, "forma_fisica": 5, "salario": 150000, "lesion": false, "equipo": 5, "nacionalidad": 1, "goles_carrera": 0, "asistencias_carrera": 0, "partidos_carrera": 0, "partidos_internacionales": 0, "goles_internacionales": 0, "asistencias_internacionales": 0}},
    {"model": "equipos.jugador", "pk": 114, "fields": {"nombre": "Suplente 2", "edad": 25, "portero": false, "remate": 55, "desmarques": 45, "defensa": 65, "mentalidad": 50, "pases": 55, "vision": 45, "lateral": 45, "moral": 8, "forma_fisica": 5, "salario": 155000, "lesion": false, "equipo": 5, "nacionalidad": 2, "goles_carrera": 0, "asistencias_carrera": 0, "partidos_carrera": 0, "partidos_internacionales": 0, "goles_internacionales": 0, "asistencias_internacionales": 0}},
    {"model": "equipos.jugador", "pk": 115, "fields": {"nombre": "Suplente 3", "edad": 19, "portero": false, "remate": 60, "desmarques": 50, "defensa": 50, "mentalidad": 50, "pases": 50, "vision": 50, "lateral": 50, "moral": 8, "forma_fisica": 5, "salario": 160000, "lesion": false, "equipo": 5, "nacionalidad": 3, "goles_carrera": 0, "asistencias_carrera": 0, "partidos_carrera": 0, "partidos_internacionales": 0, "goles_internacionales": 0, "asistencias_internacionales": 0}},
    {"model": "equipos.jugador", "pk": 116, "fields": {"nombre": "Suplente 4", "edad": 28, "portero": false, "remate": 45, "desmarques": 55, "defensa": 55, "mentalidad": 45, "pases": 55, "vision": 45, "lateral": 45, "moral": 8, "forma_fisica": 5, "salario": 165000, "lesion": false, "equipo": 5, "nacionalidad": 1, "goles_carrera": 0, "asistencias_carrera": 0, "partidos_carrera": 0, "partidos_internacionales": 0, "goles_internacionales": 0, "asistencias_internacionales": 0}},
    {"model": "equipos.jugador", "pk": 117, "fields": {"nombre": "Suplente 5", "edad": 23, "portero": false, "remate": 50, "desmarques": 60, "defensa": 40, "mentalidad": 70, "pases": 50, "vision": 60, "lateral": 40, "moral": 8, "forma_fisica": 5, "salario": 170000, "lesion": false, "equipo": 5, "nacionalidad": 2, "goles_carrera": 0, "asistencias_carrera": 0, "partidos_carrera": 0, "partidos_internacionales": 0, "goles_internacionales": 0, "asistencias_internacionales": 0}},
    {"model": "equipos.jugador", "pk": 118, "fields": {"nombre": "Suplente 6", "edad": 24, "portero": false, "remate": 55, "desmarques": 45, "defensa": 65, "mentalidad": 50, "pases": 55, "vision": 45, "lateral": 45, "moral": 9, "forma_fisica": 5, "salario": 175000, "lesion": false, "equipo": 5, "nacionalidad": 3, "goles_carrera": 0, "asistencias_carrera": 0, "partidos_carrera": 0, "partidos_internacionales": 0, "goles_internacionales": 0, "asistencias_internacionales": 0}},

    {"model": "equipos.jugador", "pk": 119, "fields": {"nombre": "Suplente 1", "edad": 30, "portero": false, "remate": 60, "desmarques": 50, "defensa": 50, "mentalidad": 50, "pases": 50, "vision": 50, "lateral": 50, "moral": 8, "forma_fisica": 5, "salario": 150000, "lesion": false, "equipo": 6, "nacionalidad": 1, "goles_carrera": 0, "asistencias_carrera": 0, "partidos_carrera": 0, "partidos_internacionales": 0, "goles_internacionales": 0, "asistencias_internacionales": 0}},
    {"model": "equipos.jugador", "pk": 120, "fields": {"nombre": "Suplente 2", "edad": 22, "portero": false, "remate": 45, "desmarques": 55, "defensa": 55, "mentalidad": 45, "pases": 55, "vision": 45, "lateral": 45, "moral": 8, "forma_fisica": 5, "salario": 155000, "lesion": false, "equipo": 6, "nacionalidad": 2, "goles_carrera": 0, "asistencias_carrera": 0, "partidos_carrera": 0, "partidos_internacionales": 0, "goles_internacionales": 0, "asistencias_internacionales": 0}},
    {"model": "equipos.jugador", "pk": 121, "fields": {"nombre": "Suplente 3", "edad": 27, "portero": false, "remate": 50, "desmarques": 60, "defensa": 40, "mentalidad": 70, "pases": 50, "vision": 60, "lateral": 40, "moral": 8, "forma_fisica": 5, "salario": 160000, "lesion": false, "equipo": 6, "nacionalidad": 3, "goles_carrera": 0, "asistencias_carrera": 0, "partidos_carrera": 0, "partidos_internacionales": 0, "goles_internacionales": 0, "asistencias_internacionales": 0}},
    {"model": "equipos.jugador", "pk": 122, "fields": {"nombre": "Suplente 4", "edad": 20, "portero": false, "remate": 55, "desmarques": 45, "defensa": 65, "mentalidad": 50, "pases": 55, "vision": 45, "lateral": 45, "moral": 8, "forma_fisica": 5, "salario": 165000, "lesion": false, "equipo": 6, "nacionalidad": 1, "goles_carrera": 0, "asistencias_carrera": 0, "partidos_carrera": 0, "partidos_internacionales": 0, "goles_internacionales": 0, "asistencias_internacionales": 0}},
    {"model": "equipos.jugador", "pk": 123, "fields": {"nombre": "Suplente 5", "edad": 29, "portero": false, "remate": 50, "desmarques": 60, "defensa": 40, "mentalidad": 70, "pases": 50, "vision": 60, "lateral": 40, "moral": 8, "forma_fisica": 5, "salario": 170000, "lesion": false, "equipo": 6, "nacionalidad": 2, "goles_carrera": 0, "asistencias_carrera": 0, "partidos_carrera": 0, "partidos_internacionales": 0, "goles_internacionales": 0, "asistencias_internacionales": 0}},
    {"model": "equipos.jugador", "pk": 124, "fields": {"nombre": "Suplente 6", "edad": 18, "portero": false, "remate": 55, "desmarques": 45, "defensa": 65, "mentalidad": 50, "pases": 55, "vision": 45, "lateral": 45, "moral": 9, "forma_fisica": 5, "salario": 175000, "lesion": false, "equipo": 6, "nacionalidad": 3, "goles_carrera": 0, "asistencias_carrera": 0, "partidos_carrera": 0, "partidos_internacionales": 0, "goles_internacionales": 0, "asistencias_internacionales": 0}},

    {"model": "equipos.jugador", "pk": 125, "fields": {"nombre": "Suplente 1", "edad": 26, "portero": false, "remate": 50, "desmarques": 60, "defensa": 40, "mentalidad": 70, "pases": 50, "vision": 60, "lateral": 40, "moral": 8, "forma_fisica": 5, "salario": 150000, "lesion": false, "equipo": 7, "nacionalidad": 1, "goles_carrera": 0, "asistencias_carrera": 0, "partidos_carrera": 0, "partidos_internacionales": 0, "goles_internacionales": 0, "asistencias_internacionales": 0}},
    {"model": "equipos.jugador", "pk": 126, "fields": {"nombre": "Suplente 2", "edad": 25, "portero": false, "remate": 55, "desmarques": 45, "defensa": 65, "mentalidad": 50, "pases": 55, "vision": 45, "lateral": 45, "moral": 8, "forma_fisica": 5, "salario": 155000, "lesion": false, "equipo": 7, "nacionalidad": 2, "goles_carrera": 0, "asistencias_carrera": 0, "partidos_carrera": 0, "partidos_internacionales": 0, "goles_internacionales": 0, "asistencias_internacionales": 0}},
    {"model": "equipos.jugador", "pk": 127, "fields": {"nombre": "Suplente 3", "edad": 19, "portero": false, "remate": 60, "desmarques": 50, "defensa": 50, "mentalidad": 50, "pases": 50, "vision": 50, "lateral": 50, "moral": 8, "forma_fisica": 5, "salario": 160000, "lesion": false, "equipo": 7, "nacionalidad": 3, "goles_carrera": 0, "asistencias_carrera": 0, "partidos_carrera": 0, "partidos_internacionales": 0, "goles_internacionales": 0, "asistencias_internacionales": 0}},
    {"model": "equipos.jugador", "pk": 128, "fields": {"nombre": "Suplente 4", "edad": 28, "portero": false, "remate": 45, "desmarques": 55, "defensa": 55, "mentalidad": 45, "pases": 55, "vision": 45, "lateral": 45, "moral": 8, "forma_fisica": 5, "salario": 165000, "lesion": false, "equipo": 7, "nacionalidad": 1, "goles_carrera": 0, "asistencias_carrera": 0, "partidos_carrera": 0, "partidos_internacionales": 0, "goles_internacionales": 0, "asistencias_internacionales": 0}},
    {"model": "equipos.jugador", "pk": 129, "fields": {"nombre": "Suplente 5", "edad": 23, "portero": false, "remate": 50, "desmarques": 60, "defensa": 40, "mentalidad": 70, "pases": 50, "vision": 60, "lateral": 40, "moral": 8, "forma_fisica": 5, "salario": 170000, "lesion": false, "equipo": 7, "nacionalidad": 2, "goles_carrera": 0, "asistencias_carrera": 0, "partidos_carrera": 0, "partidos_internacionales": 0, "goles_internacionales": 0, "asistencias_internacionales": 0}},
    {"model": "equipos.jugador", "pk": 130, "fields": {"nombre": "Suplente 6", "edad": 24, "portero": false, "remate": 55, "desmarques": 45, "defensa": 65, "mentalidad": 50, "pases": 55, "vision": 45, "lateral": 45, "moral": 9, "forma_fisica": 5, "salario": 175000, "lesion": false, "equipo": 7, "nacionalidad": 3, "goles_carrera": 0, "asistencias_carrera": 0, "partidos_carrera": 0, "partidos_internacionales": 0, "goles_internacionales": 0, "asistencias_internacionales": 0}},

    {"model": "equipos.jugador", "pk": 131, "fields": {"nombre": "Suplente 1", "edad": 30, "portero": false, "remate": 50, "desmarques": 60, "defensa": 40, "mentalidad": 70, "pases": 50, "vision": 60, "lateral": 40, "moral": 8, "forma_fisica": 5, "salario": 150000, "lesion": false, "equipo": 8, "nacionalidad": 1, "goles_carrera": 0, "asistencias_carrera": 0, "partidos_carrera": 0, "partidos_internacionales": 0, "goles_internacionales": 0, "asistencias_internacionales": 0}},
    {"model": "equipos.jugador", "pk": 132, "fields": {"nombre": "Suplente 2", "edad": 22, "portero": false, "remate": 55, "desmarques": 45, "defensa": 65, "mentalidad": 50, "pases": 55, "vision": 45, "lateral": 45, "moral": 8, "forma_fisica": 5, "salario": 155000, "lesion": false, "equipo": 8, "nacionalidad": 2, "goles_carrera": 0, "asistencias_carrera": 0, "partidos_carrera": 0, "partidos_internacionales": 0, "goles_internacionales": 0, "asistencias_internacionales": 0}},
    {"model": "equipos.jugador", "pk": 133, "fields": {"nombre": "Suplente 3", "edad": 27, "portero": false, "remate": 60, "desmarques": 50, "defensa": 50, "mentalidad": 50, "pases": 50, "vision": 50, "lateral": 50, "moral": 8, "forma_fisica": 5, "salario": 160000, "lesion": false, "equipo": 8, "nacionalidad": 3, "goles_carrera": 0, "asistencias_carrera": 0, "partidos_carrera": 0, "partidos_internacionales": 0, "goles_internacionales": 0, "asistencias_internacionales": 0}},
    {"model": "equipos.jugador", "pk": 134, "fields": {"nombre": "Suplente 4", "edad": 20, "portero": false, "remate": 45, "desmarques": 55, "defensa": 55, "mentalidad": 45, "pases": 55, "vision": 45, "lateral": 45, "moral": 8, "forma_fisica": 5, "salario": 165000, "lesion": false, "equipo": 8, "nacionalidad": 1, "goles_carrera": 0, "asistencias_carrera": 0, "partidos_carrera": 0, "partidos_internacionales": 0, "goles_internacionales": 0, "asistencias_internacionales": 0}},
    {"model": "equipos.jugador", "pk": 135, "fields": {"nombre": "Suplente 5", "edad": 29, "portero": false, "remate": 50, "desmarques": 60, "defensa": 40, "mentalidad": 70, "pases": 50, "vision": 60, "lateral": 40, "moral": 8, "forma_fisica": 5, "salario": 170000, "lesion": false, "equipo": 8, "nacionalidad": 2, "goles_carrera": 0, "asistencias_carrera": 0, "partidos_carrera": 0, "partidos_internacionales": 0, "goles_internacionales": 0, "asistencias_internacionales": 0}},
    {"model": "equipos.jugador", "pk": 136, "fields": {"nombre": "Suplente 6", "edad": 18, "portero": false, "remate": 55, "desmarques": 45, "defensa": 65, "mentalidad": 50, "pases": 55, "vision": 45, "lateral": 45, "moral": 8, "forma_fisica": 5, "salario": 175000, "lesion": false, "equipo": 8, "nacionalidad": 3, "goles_carrera": 0, "asistencias_carrera": 0, "partidos_carrera": 0, "partidos_internacionales": 0, "goles_internacionales": 0, "asistencias_internacionales": 0}},
    
    {"model": "equipos.jugador", "pk": 137, "fields": {"nombre": "Portero 1", "edad": 28, "portero": true, "remate": 0, "desmarques": 0, "defensa": 0, "mentalidad": 0, "pases": 0, "vision": 0, "lateral": 0, "moral": 9, "forma_fisica": 5, "salario": 200000, "lesion": false, "equipo": 1, "nacionalidad": 1, "goles_carrera": 0, "asistencias_carrera": 0, "partidos_carrera": 0, "partidos_internacionales": 0, "goles_internacionales": 0, "asistencias_internacionales": 0}},
    {"model": "equipos.jugador", "pk": 138, "fields": {"nombre": "Portero 2", "edad": 30, "portero": true, "remate": 0, "desmarques": 0, "defensa": 0, "mentalidad": 0, "pases": 0, "vision": 0, "lateral": 0, "moral": 8, "forma_fisica": 5, "salario": 210000, "lesion": false, "equipo": 2, "nacionalidad": 2, "goles_carrera": 0, "asistencias_carrera": 0, "partidos_carrera": 0, "partidos_internacionales": 0, "goles_internacionales": 0, "asistencias_internacionales": 0}},
    {"model": "equipos.jugador", "pk": 139, "fields": {"nombre": "Portero 3", "edad": 27, "portero": true, "remate": 0, "desmarques": 0, "defensa": 0, "mentalidad": 0, "pases": 0, "vision": 0, "lateral": 0, "moral": 9, "forma_fisica": 5, "salario": 220000, "lesion": false, "equipo": 3, "nacionalidad": 3, "goles_carrera": 0, "asistencias_carrera": 0, "partidos_carrera": 0, "partidos_internacionales": 0, "goles_internacionales": 0, "asistencias_internacionales": 0}},
    {"model": "equipos.jugador", "pk": 140, "fields": {"nombre": "Portero 4", "edad": 25, "portero": true, "remate": 0, "desmarques": 0, "defensa": 0, "mentalidad": 0, "pases": 0, "vision": 0, "lateral": 0, "moral": 8, "forma_fisica": 5, "salario": 230000, "lesion": false, "equipo": 4, "nacionalidad": 4, "goles_carrera": 0, "asistencias_carrera": 0, "partidos_carrera": 0, "partidos_internacionales": 0, "goles_internacionales": 0, "asistencias_internacionales": 0}},
    {"model": "equipos.jugador", "pk": 141, "fields": {"nombre": "Portero 5", "edad": 29, "portero": true, "remate": 0, "desmarques": 0, "defensa": 0, "mentalidad": 0, "pases": 0, "vision": 0, "lateral": 0, "moral": 8, "forma_fisica": 5, "salario": 240000, "lesion": false, "equipo": 5, "nacionalidad": 1, "goles_carrera": 0, "asistencias_carrera": 0, "partidos_carrera": 0, "partidos_internacionales": 0, "goles_internacionales": 0, "asistencias_internacionales": 0}},
    {"model": "equipos.jugador", "pk": 142, "fields": {"nombre": "Portero 6", "edad": 26, "portero": true, "remate": 0, "desmarques": 0, "defensa": 0, "mentalidad": 0, "pases": 0, "vision": 0, "lateral": 0, "moral": 8, "forma_fisica": 5, "salario": 250000, "lesion": false, "equipo": 6, "nacionalidad": 2, "goles_carrera": 0, "asistencias_carrera": 0, "partidos_carrera": 0, "partidos_internacionales": 0, "goles_internacionales": 0, "asistencias_internacionales": 0}},
    {"model": "equipos.jugador", "pk": 143, "fields": {"nombre": "Portero 7", "edad": 24, "portero": true, "remate": 0, "desmarques": 0, "defensa": 0, "mentalidad": 0, "pases": 0, "vision": 0, "lateral": 0, "moral": 9, "forma_fisica": 5, "salario": 260000, "lesion": false, "equipo": 7, "nacionalidad": 3, "goles_carrera": 0, "asistencias_carrera": 0, "partidos_carrera": 0, "partidos_internacionales": 0, "goles_internacionales": 0, "asistencias_internacionales": 0}},
    {"model": "equipos.jugador", "pk": 144, "fields": {"nombre": "Portero 8", "edad": 31, "portero": true, "remate": 0, "desmarques": 0, "defensa": 0, "mentalidad": 0, "pases": 0, "vision": 0, "lateral": 0, "moral": 8, "forma_fisica": 5, "salario": 270000, "lesion": false, "equipo": 8, "nacionalidad": 4, "goles_carrera": 0, "asistencias_carrera": 0, "partidos_carrera": 0, "partidos_internacionales": 0, "goles_internacionales": 0, "asistencias_internacionales": 0}},

    {"model": "competiciones.competencia", "pk": 1, "fields": {"nombre": "Liga Local 2024", "tipo": "Liga Local", "temporada": 1, "equipos": [1, 2, 3, 4, 5, 6, 7, 8], "nacionalidad": 1, "fecha_inicio": "2024-12-17", "fecha_fin": "2025-12-31", "bono_por_partido": 0, "bono_por_titulo": 0, "bono_por_victoria": 0, "bono_por_clasificacion": 0, "sistema_puntos": {"victoria": 3, "empate": 1, "derrota": 0}, "fases": {"grupos": ["A", "B"], "eliminatorias": ["cuartos", "semifinal", "final"]}, "trofeo": true}},
    {"model": "competiciones.competencia", "pk": 2, "fields": {"nombre": "Copa Local 2024", "tipo": "Copa Local", "temporada": 1, "equipos": [1, 2, 3, 4, 5, 6, 7, 8], "nacionalidad": 2, "fecha_inicio": "2024-12-17", "fecha_fin": "2025-12-31", "bono_por_partido": 1000, "bono_por_titulo": 5000, "bono_por_victoria": 2000, "bono_por_clasificacion": 3000, "sistema_puntos": {"victoria": 3, "empate": 1, "derrota": 0}, "fases": {"grupos": ["A", "B"], "eliminatorias": ["cuartos", "semifinal", "final"]}, "trofeo": true}},

    {"model": "equipos.partido", "pk": 1, "fields": {"fecha": "2023-05-15", "equipo_local": 1, "equipo_visitante": 2, "competencia": 1, "temporada": 1, "estadio": 1, "goles_local": 2, "goles_visitante": 1, "espectadores": 5000, "clima": "Despejado"}},
    {"model": "equipos.partido", "pk": 2, "fields": {"fecha": "2023-06-20", "equipo_local": 3, "equipo_visitante": 4, "competencia": 1, "temporada": 1, "estadio": 2, "goles_local": 3, "goles_visitante": 2, "espectadores": 5000, "clima": "Despejado"}},
    {"model": "equipos.partido", "pk": 3, "fields": {"fecha": "2023-02-20", "equipo_local": 3, "equipo_visitante": 4, "competencia": 1, "temporada": 1, "estadio": 2, "goles_local": 1, "goles_visitante": 1, "espectadores": 4500, "clima": "Nublado"}},
    {"model": "equipos.partido", "pk": 4, "fields": {"fecha": "2023-03-10", "equipo_local": 5, "equipo_visitante": 6, "competencia": 1, "temporada": 1, "estadio": 3, "goles_local": 3, "goles_visitante": 2, "espectadores": 6000, "clima": "Lluvia"}},
    {"model": "equipos.partido", "pk": 5, "fields": {"fecha": "2023-04-05", "equipo_local": 7, "equipo_visitante": 8, "competencia": 1, "temporada": 1, "estadio": 4, "goles_local": 0, "goles_visitante": 0, "espectadores": 3000, "clima": "Parcialmente nublado"}},
    {"model": "equipos.partido", "pk": 6, "fields": {"fecha": "2023-05-12", "equipo_local": 1, "equipo_visitante": 3, "competencia": 1, "temporada": 1, "estadio": 1, "goles_local": 2, "goles_visitante": 2, "espectadores": 5500, "clima": "Despejado"}},
    {"model": "equipos.partido", "pk": 7, "fields": {"fecha": "2023-06-18", "equipo_local": 2, "equipo_visitante": 4, "competencia": 1, "temporada": 1, "estadio": 2, "goles_local": 1, "goles_visitante": 3, "espectadores": 4800, "clima": "Nublado"}},
    {"model": "equipos.partido", "pk": 8, "fields": {"fecha": "2023-07-22", "equipo_local": 5, "equipo_visitante": 7, "competencia": 1, "temporada": 1, "estadio": 3, "goles_local": 0, "goles_visitante": 1, "espectadores": 5200, "clima": "Despejado"}},
    {"model": "equipos.partido", "pk": 9, "fields": {"fecha": "2023-08-30", "equipo_local": 6, "equipo_visitante": 8, "competencia": 1, "temporada": 1, "estadio": 4, "goles_local": 4, "goles_visitante": 2, "espectadores": 6100, "clima": "Parcialmente nublado"}},
    {"model": "equipos.partido", "pk": 10, "fields": {"fecha": "2023-10-20", "equipo_local": 2, "equipo_visitante": 6, "competencia": 1, "temporada": 1, "estadio": 2, "goles_local": 2, "goles_visitante": 2, "espectadores": 5300, "clima": "Lluvia"}},
    {"model": "equipos.partido", "pk": 11, "fields": {"fecha": "2023-11-25", "equipo_local": 3, "equipo_visitante": 7, "competencia": 1, "temporada": 1, "estadio": 3, "goles_local": 1, "goles_visitante": 3, "espectadores": 4900, "clima": "Despejado"}},
    {"model": "equipos.partido", "pk": 12, "fields": {"fecha": "2023-12-05", "equipo_local": 4, "equipo_visitante": 8, "competencia": 1, "temporada": 1, "estadio": 4, "goles_local": 0, "goles_visitante": 2, "espectadores": 4700, "clima": "Nublado"}},
    {"model": "equipos.partido", "pk": 13, "fields": {"fecha": "2024-01-10", "equipo_local": 1, "equipo_visitante": 6, "competencia": 1, "temporada": 1, "estadio": 1, "goles_local": 2, "goles_visitante": 1, "espectadores": 5600, "clima": "Parcialmente nublado"}},
    {"model": "equipos.partido", "pk": 14, "fields": {"fecha": "2024-02-15", "equipo_local": 2, "equipo_visitante": 5, "competencia": 1, "temporada": 1, "estadio": 2, "goles_local": 1, "goles_visitante": 3, "espectadores": 5800, "clima": "Despejado"}},
    {"model": "equipos.partido", "pk": 15, "fields": {"fecha": "2024-03-20", "equipo_local": 3, "equipo_visitante": 8, "competencia": 1, "temporada": 1, "estadio": 3, "goles_local": 0, "goles_visitante": 1, "espectadores": 4900, "clima": "Nublado"}},
    {"model": "equipos.partido", "pk": 16, "fields": {"fecha": "2024-04-25", "equipo_local": 4, "equipo_visitante": 7, "competencia": 1, "temporada": 1, "estadio": 4, "goles_local": 2, "goles_visitante": 2, "espectadores": 5200, "clima": "Lluvia"}},
    {"model": "equipos.partido", "pk": 17, "fields": {"fecha": "2024-05-30", "equipo_local": 1, "equipo_visitante": 4, "competencia": 1, "temporada": 1, "estadio": 1, "goles_local": 3, "goles_visitante": 0, "espectadores": 6000, "clima": "Despejado"}},
    {"model": "equipos.partido", "pk": 18, "fields": {"fecha": "2024-06-10", "equipo_local": 2, "equipo_visitante": 3, "competencia": 1, "temporada": 1, "estadio": 2, "goles_local": 1, "goles_visitante": 1, "espectadores": 5000, "clima": "Despejado"}},
    {"model": "equipos.partido", "pk": 19, "fields": {"fecha": "2024-07-15", "equipo_local": 5, "equipo_visitante": 8, "competencia": 1, "temporada": 1, "estadio": 3, "goles_local": 2, "goles_visitante": 2, "espectadores": 5200, "clima": "Nublado"}},
    {"model": "equipos.partido", "pk": 20, "fields": {"fecha": "2024-08-20", "equipo_local": 6, "equipo_visitante": 7, "competencia": 1, "temporada": 1, "estadio": 4, "goles_local": 1, "goles_visitante": 3, "espectadores": 5300, "clima": "Lluvia"}},
    {"model": "equipos.partido", "pk": 21, "fields": {"fecha": "2024-09-25", "equipo_local": 1, "equipo_visitante": 7, "competencia": 1, "temporada": 1, "estadio": 1, "goles_local": 2, "goles_visitante": 1, "espectadores": 5400, "clima": "Parcialmente nublado"}},
    {"model": "equipos.partido", "pk": 22, "fields": {"fecha": "2024-10-30", "equipo_local": 2, "equipo_visitante": 8, "competencia": 1, "temporada": 1, "estadio": 2, "goles_local": 1, "goles_visitante": 2, "espectadores": 5500, "clima": "Despejado"}},
    {"model": "equipos.partido", "pk": 23, "fields": {"fecha": "2024-11-15", "equipo_local": 3, "equipo_visitante": 5, "competencia": 1, "temporada": 1, "estadio": 3, "goles_local": 3, "goles_visitante": 1, "espectadores": 5600, "clima": "Nublado"}},
    {"model": "equipos.partido", "pk": 24, "fields": {"fecha": "2024-12-20", "equipo_local": 4, "equipo_visitante": 6, "competencia": 1, "temporada": 1, "estadio": 4, "goles_local": 0, "goles_visitante": 0, "espectadores": 5700, "clima": "Lluvia"}},
    {"model": "equipos.partido", "pk": 25, "fields": {"fecha": "2025-01-25", "equipo_local": 1, "equipo_visitante": 5, "competencia": 1, "temporada": 1, "estadio": 1, "goles_local": 2, "goles_visitante": 2, "espectadores": 5800, "clima": "Despejado"}},
    {"model": "equipos.partido", "pk": 26, "fields": {"fecha": "2025-02-28", "equipo_local": 2, "equipo_visitante": 6, "competencia": 1, "temporada": 1, "estadio": 2, "goles_local": 1, "goles_visitante": 3, "espectadores": 5900, "clima": "Parcialmente nublado"}},
    {"model": "equipos.partido", "pk": 27, "fields": {"fecha": "2025-03-30", "equipo_local": 3, "equipo_visitante": 7, "competencia": 1, "temporada": 1, "estadio": 3, "goles_local": 2, "goles_visitante": 1, "espectadores": 6000, "clima": "Nublado"}},
    {"model": "equipos.partido", "pk": 28, "fields": {"fecha": "2025-04-25", "equipo_local": 4, "equipo_visitante": 8, "competencia": 1, "temporada": 1, "estadio": 4, "goles_local": 1, "goles_visitante": 2, "espectadores": 6100, "clima": "Lluvia"}},
    {"model": "equipos.partido", "pk": 29, "fields": {"fecha": "2025-05-30", "equipo_local": 1, "equipo_visitante": 4, "competencia": 1, "temporada": 1, "estadio": 1, "goles_local": 3, "goles_visitante": 1, "espectadores": 6200, "clima": "Despejado"}},
    {"model": "equipos.partido", "pk": 30, "fields": {"fecha": "2025-06-10", "equipo_local": 2, "equipo_visitante": 3, "competencia": 1, "temporada": 1, "estadio": 2, "goles_local": 2, "goles_visitante": 2, "espectadores": 6300, "clima": "Parcialmente nublado"}},
    {"model": "equipos.partido", "pk": 31, "fields": {"fecha": "2025-07-15", "equipo_local": 5, "equipo_visitante": 8, "competencia": 1, "temporada": 1, "estadio": 3, "goles_local": 1, "goles_visitante": 3, "espectadores": 6400, "clima": "Nublado"}},
    {"model": "equipos.partido", "pk": 32, "fields": {"fecha": "2025-08-20", "equipo_local": 6, "equipo_visitante": 7, "competencia": 1, "temporada": 1, "estadio": 4, "goles_local": 2, "goles_visitante": 2, "espectadores": 6500, "clima": "Lluvia"}},
    {"model": "equipos.partido", "pk": 33, "fields": {"fecha": "2025-09-25", "equipo_local": 1, "equipo_visitante": 7, "competencia": 1, "temporada": 1, "estadio": 1, "goles_local": 1, "goles_visitante": 2, "espectadores": 6600, "clima": "Despejado"}},
    {"model": "equipos.partido", "pk": 34, "fields": {"fecha": "2025-10-30", "equipo_local": 2, "equipo_visitante": 8, "competencia": 1, "temporada": 1, "estadio": 2, "goles_local": 3, "goles_visitante": 1, "espectadores": 6700, "clima": "Parcialmente nublado"}},
    {"model": "equipos.partido", "pk": 35, "fields": {"fecha": "2025-11-15", "equipo_local": 3, "equipo_visitante": 5, "competencia": 1, "temporada": 1, "estadio": 3, "goles_local": 2, "goles_visitante": 2, "espectadores": 6800, "clima": "Nublado"}},
    {"model": "equipos.partido", "pk": 36, "fields": {"fecha": "2025-12-20", "equipo_local": 4, "equipo_visitante": 6, "competencia": 1, "temporada": 1, "estadio": 4, "goles_local": 1, "goles_visitante": 3, "espectadores": 5700, "clima": "Lluvia"}},
    {"model": "equipos.partido", "pk": 37, "fields": {"fecha": "2026-01-25", "equipo_local": 1, "equipo_visitante": 6, "competencia": 1, "temporada": 1, "estadio": 1, "goles_local": 2, "goles_visitante": 1, "espectadores": 5800, "clima": "Despejado"}},
    {"model": "equipos.partido", "pk": 38, "fields": {"fecha": "2026-02-28", "equipo_local": 2, "equipo_visitante": 5, "competencia": 1, "temporada": 1, "estadio": 2, "goles_local": 1, "goles_visitante": 3, "espectadores": 5900, "clima": "Parcialmente nublado"}},
    {"model": "equipos.partido", "pk": 39, "fields": {"fecha": "2026-03-30", "equipo_local": 3, "equipo_visitante": 8, "competencia": 1, "temporada": 1, "estadio": 3, "goles_local": 0, "goles_visitante": 1, "espectadores": 6000, "clima": "Nublado"}},
    {"model": "equipos.partido", "pk": 40, "fields": {"fecha": "2026-04-25", "equipo_local": 4, "equipo_visitante": 7, "competencia": 1, "temporada": 1, "estadio": 4, "goles_local": 2, "goles_visitante": 2, "espectadores": 6100, "clima": "Lluvia"}},
    {"model": "equipos.partido", "pk": 41, "fields": {"fecha": "2026-05-30", "equipo_local": 1, "equipo_visitante": 4, "competencia": 1, "temporada": 1, "estadio": 1, "goles_local": 3, "goles_visitante": 0, "espectadores": 6200, "clima": "Despejado"}},
    {"model": "equipos.partido", "pk": 42, "fields": {"fecha": "2026-06-10", "equipo_local": 2, "equipo_visitante": 3, "competencia": 1, "temporada": 1, "estadio": 2, "goles_local": 1, "goles_visitante": 1, "espectadores": 6300, "clima": "Parcialmente nublado"}},
    {"model": "equipos.partido", "pk": 43, "fields": {"fecha": "2026-07-15", "equipo_local": 5, "equipo_visitante": 8, "competencia": 1, "temporada": 1, "estadio": 3, "goles_local": 2, "goles_visitante": 2, "espectadores": 6400, "clima": "Nublado"}},
    {"model": "equipos.partido", "pk": 44, "fields": {"fecha": "2026-08-20", "equipo_local": 6, "equipo_visitante": 7, "competencia": 1, "temporada": 1, "estadio": 4, "goles_local": 1, "goles_visitante": 3, "espectadores": 6500, "clima": "Lluvia"}},
    
    {"model": "equipos.alineacion", "pk": 1, "fields": {
        "nombre": "Alineacin Equipo Alfa vs Equipo Beta",
        "fecha_creacion": "2023-01-01T00:00:00Z", 
        "fecha_actualizacion": "2023-01-01T00:00:00Z",
        "equipo": 1,
        "partido": 1,
        "estilo_pases": "M",
        "actitud": "E", 
        "entradas": "N",
        "marcaje": "N",
        "presion": "M"
    }},
    {"model": "equipos.jugadoralineacion", "pk": 1, "fields": {
        "alineacion": 1,
        "jugador": 1,
        "posicion": "POR",
        "es_titular": true
    }},
    {"model": "equipos.jugadoralineacion", "pk": 2, "fields": {
        "alineacion": 1,
        "jugador": 2,
        "posicion": "DFD",
        "es_titular": true
    }},
    {"model": "equipos.jugadoralineacion", "pk": 3, "fields": {
        "alineacion": 1,
        "jugador": 3,
        "posicion": "DFC",
        "es_titular": true
    }},
    {"model": "equipos.jugadoralineacion", "pk": 4, "fields": {
        "alineacion": 1,
        "jugador": 4,
        "posicion": "DFC",
        "es_titular": true
    }},
    {"model": "equipos.jugadoralineacion", "pk": 5, "fields": {
        "alineacion": 1,
        "jugador": 5,
        "posicion": "DFI",
        "es_titular": true
    }},
    {"model": "equipos.jugadoralineacion", "pk": 6, "fields": {
        "alineacion": 1,
        "jugador": 6,
        "posicion": "MCD",
        "es_titular": true
    }},
    {"model": "equipos.jugadoralineacion", "pk": 7, "fields": {
        "alineacion": 1,
        "jugador": 7,
        "posicion": "MED",
        "es_titular": true
    }},
    {"model": "equipos.jugadoralineacion", "pk": 8, "fields": {
        "alineacion": 1,
        "jugador": 8,
        "posicion": "MEI",
        "es_titular": true
    }},
    {"model": "equipos.jugadoralineacion", "pk": 9, "fields": {
        "alineacion": 1,
        "jugador": 9,
        "posicion": "MPC",
        "es_titular": true
    }},
    {"model": "equipos.jugadoralineacion", "pk": 10, "fields": {
        "alineacion": 1,
        "jugador": 10,
        "posicion": "DLD",
        "es_titular": true
    }},
    {"model": "equipos.jugadoralineacion", "pk": 11, "fields": {
        "alineacion": 1,
        "jugador": 11,
        "posicion": "DLI",
        "es_titular": true
    }},
    {"model": "equipos.jugadoralineacion", "pk": 12, "fields": {
        "alineacion": 1,
        "jugador": 89,
        "posicion": "SUP",
        "es_titular": false,
        "numero_suplente": 1
    }},
    {"model": "equipos.jugadoralineacion", "pk": 13, "fields": {
        "alineacion": 1,
        "jugador": 90,
        "posicion": "SUP",
        "es_titular": false,
        "numero_suplente": 2
    }},
    {"model": "equipos.jugadoralineacion", "pk": 14, "fields": {
        "alineacion": 1,
        "jugador": 91,
        "posicion": "SUP",
        "es_titular": false,
        "numero_suplente": 3
    }},
    {"model": "equipos.jugadoralineacion", "pk": 15, "fields": {
        "alineacion": 1,
        "jugador": 92,
        "posicion": "SUP",
        "es_titular": false,
        "numero_suplente": 4
    }},
    {"model": "equipos.jugadoralineacion", "pk": 16, "fields": {
        "alineacion": 1,
        "jugador": 93,
        "posicion": "SUP",
        "es_titular": false,
        "numero_suplente": 5
    }},
    {"model": "equipos.jugadoralineacion", "pk": 17, "fields": {
        "alineacion": 1,
        "jugador": 94,
        "posicion": "SUP",
        "es_titular": false,
        "numero_suplente": 6
    }},
    {"model": "equipos.alineacion", "pk": 2, "fields": {
        "nombre": "Alineacin Equipo Beta vs Equipo Gamma",
        "fecha_creacion": "2023-01-01T00:00:00Z",
        "fecha_actualizacion": "2023-01-01T00:00:00Z",
        "equipo": 2,
        "partido": 2,
        "estilo_pases": "M",
        "actitud": "E",
        "entradas": "N", 
        "marcaje": "N",
        "presion": "M"
    }},
    {"model": "equipos.jugadoralineacion", "pk": 18, "fields": {
        "alineacion": 2,
        "jugador": 12,
        "posicion": "POR",
        "es_titular": true
    }},
    {"model": "equipos.jugadoralineacion", "pk": 19, "fields": {
        "alineacion": 2,
        "jugador": 13,
        "posicion": "DFD",
        "es_titular": true
    }},
    {"model": "equipos.jugadoralineacion", "pk": 20, "fields": {
        "alineacion": 2,
        "jugador": 14,
        "posicion": "DFC",
        "es_titular": true
    }},
    {"model": "equipos.jugadoralineacion", "pk": 21, "fields": {
        "alineacion": 2,
        "jugador": 15,
        "posicion": "DFC",
        "es_titular": true
    }},
    {"model": "equipos.jugadoralineacion", "pk": 22, "fields": {
        "alineacion": 2,
        "jugador": 16,
        "posicion": "DFI",
        "es_titular": true
    }},
    {"model": "equipos.jugadoralineacion", "pk": 23, "fields": {
        "alineacion": 2,
        "jugador": 17,
        "posicion": "MCD",
        "es_titular": true
    }},
    {"model": "equipos.jugadoralineacion", "pk": 24, "fields": {
        "alineacion": 2,
        "jugador": 18,
        "posicion": "MED",
        "es_titular": true
    }},
    {"model": "equipos.jugadoralineacion", "pk": 25, "fields": {
        "alineacion": 2,
        "jugador": 19,
        "posicion": "MEI",
        "es_titular": true
    }},
    {"model": "equipos.jugadoralineacion", "pk": 26, "fields": {
        "alineacion": 2,
        "jugador": 20,
        "posicion": "MPC",
        "es_titular": true
    }},
    {"model": "equipos.jugadoralineacion", "pk": 27, "fields": {
        "alineacion": 2,
        "jugador": 21,
        "posicion": "DLD",
        "es_titular": true
    }},
    {"model": "equipos.jugadoralineacion", "pk": 28, "fields": {
        "alineacion": 2,
        "jugador": 22,
        "posicion": "DLI",
        "es_titular": true
    }},
    {"model": "equipos.jugadoralineacion", "pk": 29, "fields": {
        "alineacion": 2,
        "jugador": 95,
        "posicion": "SUP",
        "es_titular": false,
        "numero_suplente": 1
    }},
    {"model": "equipos.jugadoralineacion", "pk": 30, "fields": {
        "alineacion": 2,
        "jugador": 96,
        "posicion": "SUP",
        "es_titular": false,
        "numero_suplente": 2
    }},
    {"model": "equipos.jugadoralineacion", "pk": 31, "fields": {
        "alineacion": 2,
        "jugador": 97,
        "posicion": "SUP",
        "es_titular": false,
        "numero_suplente": 3
    }},
    {"model": "equipos.jugadoralineacion", "pk": 32, "fields": {
        "alineacion": 2,
        "jugador": 98,
        "posicion": "SUP",
        "es_titular": false,
        "numero_suplente": 4
    }},
    {"model": "equipos.jugadoralineacion", "pk": 33, "fields": {
        "alineacion": 2,
        "jugador": 99,
        "posicion": "SUP",
        "es_titular": false,
        "numero_suplente": 5
    }},
    {"model": "equipos.jugadoralineacion", "pk": 34, "fields": {
        "alineacion": 2,
        "jugador": 100,
        "posicion": "SUP",
        "es_titular": false,
        "numero_suplente": 6
    }},
    {"model": "equipos.alineacion", "pk": 3, "fields": {"nombre": "Alineacin Equipo Gamma vs Equipo Delta", "fecha_creacion": "2023-01-01T00:00:00Z", "fecha_actualizacion": "2023-01-01T00:00:00Z", "equipo": 3, "partido": 3, "estilo_pases": "M", "actitud": "E", "entradas": "N", "marcaje": "N", "presion": "M"}}, 
    {"model": "equipos.alineacion", "pk": 4, "fields": {"nombre": "Alineacin Equipo Delta vs Equipo Epsilon", "fecha_creacion": "2023-01-01T00:00:00Z", "fecha_actualizacion": "2023-01-01T00:00:00Z", "equipo": 4, "partido": 4, "estilo_pases": "M", "actitud": "E", "entradas": "N", "marcaje": "N", "presion": "M"}}, 
    {"model": "equipos.alineacion", "pk": 5, "fields": {"nombre": "Alineacin Equipo Epsilon vs Equipo Zeta", "fecha_creacion": "2023-01-01T00:00:00Z", "fecha_actualizacion": "2023-01-01T00:00:00Z", "equipo": 5, "partido": 5, "estilo_pases": "M", "actitud": "E", "entradas": "N", "marcaje": "N", "presion": "M"}}, 
    {"model": "equipos.alineacion", "pk": 6, "fields": {"nombre": "Alineacin Equipo Zeta vs Equipo Eta", "fecha_creacion": "2023-01-01T00:00:00Z", "fecha_actualizacion": "2023-01-01T00:00:00Z", "equipo": 6, "partido": 6, "estilo_pases": "M", "actitud": "E", "entradas": "N", "marcaje": "N", "presion": "M"}}, 
    {"model": "equipos.alineacion", "pk": 7, "fields": {"nombre": "Alineacin Equipo Eta vs Equipo Theta", "fecha_creacion": "2023-01-01T00:00:00Z", "fecha_actualizacion": "2023-01-01T00:00:00Z", "equipo": 7, "partido": 7, "estilo_pases": "M", "actitud": "E", "entradas": "N", "marcaje": "N", "presion": "M"}}, 
    {"model": "equipos.alineacion", "pk": 8, "fields": {"nombre": "Alineacin Equipo Theta vs Equipo Alfa", "fecha_creacion": "2023-01-01T00:00:00Z", "fecha_actualizacion": "2023-01-01T00:00:00Z", "equipo": 8, "partido": 8, "estilo_pases": "M", "actitud": "E", "entradas": "N", "marcaje": "N", "presion": "M"}}
]